Player,Team,Pos.,G,PassAtt,PassAttStDev,Cmp,IndComp%,CompStDev,TeamComp%,PassYds,PassYdsStDev,PassYds%,PassTD,PassTDStDev,PassTD%,Int,IntStDev,Int%,Tgt,TgtStDev,Rec,IndCatch%,CatStDev,TmCatch%,RecYds,RecYdsStDev,RecYds%,RecTD,RecTDStDev,RecTD%,RushAtt,RushStDev,Rush%,RushYds,RushYdsStDev,RushYds%,RushTD,RushTDStDev,RushTD%,Opp,Week
A.J. Brown,NWE,WR,1,0,0,0,0.0,0,0.0,0,0,0.0,0,0,0.0,0,0,0.0,4,0,3,0.75,0,0.13043478260869565,26,0,0.14606741573033707,0,0,0.0,0,0,0.0,0,0,0.0,0,0,0.0,BUF,4
AJ Barner,SEA,TE,3,0,0.0,0,0.0,0.0,0.0,0,0.0,0.0,0,0.0,0.0,0,0.0,0.0,12,4.358898943540674,8,0.6666666666666666,2.081665999466133,0.11764705882352941,90,33.8673884437522,0.10869565217391304,0,0.0,0.0,1,0.5773502691896258,0.0125,1,0.5773502691896258,0.0033003300330033004,1,0.5773502691896258,1.0,LAC,4
AJ Dillon,CAR,RB,3,0,0.0,0,0.0,0.0,0.0,0,0.0,0.0,0,0.0,0.0,0,0.0,0.0,1,0.5773502691896258,1,1.0,0.5773502691896258,0.013888888888888888,-2,1.1547005383792517,-0.002129925452609159,0,0.0,0.0,12,1.0,0.1791044776119403,41,15.631165450257805,0.140893470790378,0,0.0,0.0,DET,4
Aaron Jones,MIN,RB,3,0,0.0,0,0.0,0.0,0.0,0,0.0,0.0,0,0.0,0.0,0,0.0,0.0,7,3.214550253664318,5,0.7142857142857143,2.8867513459481287,0.12195121951219512,34,19.629909152447276,0.0735930735930736,0,0.0,0.0,52,5.507570547286102,0.611764705882353,203,33.56088993655164,0.6677631578947368,1,0.5773502691896258,0.5,MIA,4
Aaron Rodgers,PIT,QB,3,113,3.214550253664318,66,0.584070796460177,2.6457513110645907,0.5789473684210527,700,53.57549190939205,1.0,4,1.5275252316519468,1.0,2,0.5773502691896258,1.0,0,0.0,0,0.0,0.0,0.0,0,0.0,0.0,0,0.0,0.0,7,1.1547005383792515,0.1044776119402985,12,6.557438524302,0.041811846689895474,0,0.0,0.0,CLE,4
Adam Prentice,DEN,FB,3,0,0.0,0,0.0,0.0,0.0,0,0.0,0.0,0,0.0,0.0,0,0.0,0.0,1,0.5773502691896258,1,1.0,0.5773502691896258,0.017857142857142856,2,1.1547005383792517,0.003305785123966942,0,0.0,0.0,0,0.0,0.0,0,0.0,0.0,0,0.0,0.0,SFO,4
Adam Trautman,DEN,TE,3,0,0.0,0,0.0,0.0,0.0,0,0.0,0.0,0,0.0,0.0,0,0.0,0.0,3,1.7320508075688772,2,0.6666666666666666,1.1547005383792517,0.03571428571428571,10,5.773502691896257,0.01652892561983471,0,0.0,0.0,0,0.0,0.0,0,0.0,0.0,0,0.0,0.0,SFO,4
Adonai Mitchell,NYJ,WR,2,0,0.0,0,0.0,0.0,0.0,0,0.0,0.0,0,0.0,0.0,0,0.0,0.0,15,6.363961030678928,9,0.6,2.1213203435596424,0.1956521739130435,123,2.1213203435596424,0.2662337662337662,0,0.0,0.0,0,0.0,0.0,0,0.0,0.0,0,0.0,0.0,CHI,4
Alec Ingold,LAC,FB,3,0,0.0,0,0.0,0.0,0.0,0,0.0,0.0,0,0.0,0.0,0,0.0,0.0,4,2.3094010767585034,3,0.75,1.7320508075688772,0.057692307692307696,35,20.207259421636902,0.05582137161084529,0,0.0,0.0,0,0.0,0.0,0,0.0,0.0,0,0.0,0.0,SEA,4
Alec Pierce,IND,WR,2,0,0.0,0,0.0,0.0,0.0,0,0.0,0.0,0,0.0,0.0,0,0.0,0.0,7,3.5355339059327378,5,0.7142857142857143,2.1213203435596424,0.12195121951219512,72,35.35533905932738,0.19148936170212766,0,0.0,0.0,0,0.0,0.0,0,0.0,0.0,0,0.0,0.0,WSH,4
Alvin Kamara,NOR,RB,2,0,0.0,0,0.0,0.0,0.0,0,0.0,0.0,0,0.0,0.0,0,0.0,0.0,7,3.5355339059327378,6,0.8571428571428571,2.8284271247461903,0.10714285714285714,12,1.4142135623730951,0.023668639053254437,0,0.0,0.0,18,0.0,0.32727272727272727,51,14.849242404917497,0.23943661971830985,0,0.0,0.0,ATL,4
Ameer Abdullah,JAX,RB,3,0,0.0,0,0.0,0.0,0.0,0,0.0,0.0,0,0.0,0.0,0,0.0,0.0,3,0.0,2,0.6666666666666666,0.5773502691896258,0.037037037037037035,2,1.1547005383792517,0.003246753246753247,0,0.0,0.0,10,0.5773502691896258,0.11627906976744186,45,15.394804318340652,0.12569832402234637,0,0.0,0.0,CIN,4
Amon-Ra St. Brown,DET,WR,3,0,0.0,0,0.0,0.0,0.0,0,0.0,0.0,0,0.0,0.0,0,0.0,0.0,35,3.214550253664318,23,0.6571428571428571,3.214550253664318,0.2987012987012987,228,61.99193495931547,0.28428927680798005,5,0.5773502691896257,0.0,0,0.0,0.0,0,0.0,0.0,0,0.0,0.0,CAR,4
Andrei Iosivas,CIN,WR,2,0,0.0,0,0.0,0.0,0.0,0,0.0,0.0,0,0.0,0.0,0,0.0,0.0,4,1.4142135623730951,3,0.75,0.7071067811865476,0.06666666666666667,19,3.5355339059327378,0.04121475054229935,0,0.0,0.0,0,0.0,0.0,0,0.0,0.0,0,0.0,0.0,JAX,4
Andrew Beck,NYJ,FB,3,0,0.0,0,0.0,0.0,0.0,0,0.0,0.0,0,0.0,0.0,0,0.0,0.0,0,0.0,0,0.0,0.0,0.0,0,0.0,0.0,0,0.0,0.0,0,0.0,0.0,0,0.0,0.0,0,0.0,0.0,CHI,4
Andrew Ogletree,IND,TE,3,0,0.0,0,0.0,0.0,0.0,0,0.0,0.0,0,0.0,0.0,0,0.0,0.0,2,0.5773502691896258,0,0.0,0.0,0.0,0,0.0,0.0,0,0.0,0.0,0,0.0,0.0,0,0.0,0.0,0,0.0,0.0,WSH,4
Andy Dalton,PHI,QB,1,1,0,0,0.0,0,0.0,0,0,0.0,0,0,0.0,1,0,0.5,0,0,0,0.0,0,0.0,0,0,0.0,0,0,0.0,0,0,0.0,0,0,0.0,0,0,0.0,LAR,4
Anthony Gould,IND,WR,2,0,0.0,0,0.0,0.0,0.0,0,0.0,0.0,0,0.0,0.0,0,0.0,0.0,0,0.0,0,0.0,0.0,0.0,0,0.0,0.0,0,0.0,0.0,0,0.0,0.0,0,0.0,0.0,0,0.0,0.0,WSH,4
Anthony Tyus,CAR,RB,1,0,0,0,0.0,0,0.0,0,0,0.0,0,0,0.0,0,0,0.0,0,0,0,0.0,0,0.0,0,0,0.0,0,0,0.0,0,0,0.0,0,0,0.0,0,0,0.0,DET,4
Antonio Williams,WSH,WR,3,1,0.5773502691896258,0,0.0,0.0,0.0,0,0.0,0.0,0,0.0,0.0,0,0.0,0.0,11,0.5773502691896258,9,0.8181818181818182,1.0,0.15,103,26.083200212652844,0.18592057761732853,1,0.5773502691896258,0.14285714285714285,0,0.0,0.0,0,0.0,0.0,0,0.0,0.0,IND,4
Arian Smith,NYJ,WR,2,0,0.0,0,0.0,0.0,0.0,0,0.0,0.0,0,0.0,0.0,0,0.0,0.0,1,0.7071067811865476,0,0.0,0.0,0.0,0,0.0,0.0,0,0.0,0.0,0,0.0,0.0,0,0.0,0.0,0,0.0,0.0,CHI,4
Ashton Dulin,IND,WR,1,0,0,0,0.0,0,0.0,0,0,0.0,0,0,0.0,0,0,0.0,1,0,0,0.0,0,0.0,0,0,0.0,0,0,0.0,0,0,0.0,0,0,0.0,0,0,0.0,WSH,4
Ashton Jeanty,LVR,RB,3,0,0.0,0,0.0,0.0,0.0,0,0.0,0.0,0,0.0,0.0,0,0.0,0.0,16,2.0816659994661326,13,0.8125,1.5275252316519465,0.20967741935483872,97,15.534906930308058,0.14674735249621784,2,1.1547005383792517,0.2222222222222222,63,2.0,0.6774193548387096,206,29.143323992525858,0.6866666666666666,0,0.0,0.0,KAN,4
Austin Hooper,ATL,TE,3,0,0.0,0,0.0,0.0,0.0,0,0.0,0.0,0,0.0,0.0,0,0.0,0.0,6,2.0,4,0.6666666666666666,1.1547005383792517,0.08333333333333333,31,10.016652800877813,0.05698529411764706,1,0.5773502691896258,0.5,0,0.0,0.0,0,0.0,0.0,0,0.0,0.0,NOR,4
Baker Mayfield,TAM,QB,3,96,3.4641016151377544,61,0.6354166666666666,3.0550504633038935,0.6161616161616161,615,19.924858845171276,1.0,2,0.5773502691896258,1.0,2,0.5773502691896258,0.6666666666666666,0,0.0,0,0.0,0.0,0.0,0,0.0,0.0,0,0.0,0.0,11,1.5275252316519465,0.16666666666666666,65,13.576941236277534,0.22968197879858657,1,0.5773502691896258,0.5,GNB,4
Barion Brown,NOR,WR,2,0,0.0,0,0.0,0.0,0.0,0,0.0,0.0,0,0.0,0.0,0,0.0,0.0,0,0.0,0,0.0,0.0,0.0,0,0.0,0.0,0,0.0,0.0,1,0.7071067811865476,0.019230769230769232,3,2.1213203435596424,0.019230769230769232,0,0.0,0.0,ATL,4
Bauer Sharp,TAM,TE,3,0,0.0,0,0.0,0.0,0.0,0,0.0,0.0,0,0.0,0.0,0,0.0,0.0,0,0.0,0,0.0,0.0,0.0,0,0.0,0.0,0,0.0,0.0,0,0.0,0.0,0,0.0,0.0,0,0.0,0.0,GNB,4
Ben Sinnott,WSH,TE,3,0,0.0,0,0.0,0.0,0.0,0,0.0,0.0,0,0.0,0.0,0,0.0,0.0,2,0.5773502691896258,1,0.5,0.5773502691896258,0.016666666666666666,6,3.4641016151377544,0.010830324909747292,0,0.0,0.0,0,0.0,0.0,0,0.0,0.0,0,0.0,0.0,IND,4
Ben Skowronek,PIT,WR,3,0,0.0,0,0.0,0.0,0.0,0,0.0,0.0,0,0.0,0.0,0,0.0,0.0,2,0.5773502691896258,2,1.0,0.5773502691896258,0.030303030303030304,25,12.741009902410928,0.03571428571428571,1,0.5773502691896258,0.25,0,0.0,0.0,0,0.0,0.0,0,0.0,0.0,CLE,4
Ben VanSumeren,KAN,FB,3,0,0.0,0,0.0,0.0,0.0,0,0.0,0.0,0,0.0,0.0,0,0.0,0.0,0,0.0,0,0.0,0.0,0.0,0,0.0,0.0,0,0.0,0.0,0,0.0,0.0,0,0.0,0.0,0,0.0,0.0,LVR,4
Bhayshul Tuten,JAX,RB,3,0,0.0,0,0.0,0.0,0.0,0,0.0,0.0,0,0.0,0.0,0,0.0,0.0,5,0.5773502691896257,5,1.0,0.5773502691896257,0.09259259259259259,36,13.228756555322953,0.05844155844155844,0,0.0,0.0,43,1.1547005383792517,0.5,204,4.358898943540674,0.5698324022346368,2,0.5773502691896258,0.0,CIN,4
Bijan Robinson,ATL,RB,3,0,0.0,0,0.0,0.0,0.0,0,0.0,0.0,0,0.0,0.0,0,0.0,0.0,16,4.163331998932266,13,0.8125,3.214550253664318,0.2708333333333333,118,44.162578427140474,0.21691176470588236,1,0.5773502691896258,0.5,66,6.557438524302,0.6346153846153846,349,67.48580097571143,0.6724470134874759,2,1.1547005383792517,0.6666666666666666,NOR,4
Blake Corum,LAR,RB,3,0,0.0,0,0.0,0.0,0.0,0,0.0,0.0,0,0.0,0.0,0,0.0,0.0,5,2.0816659994661326,3,0.6,1.0,0.043478260869565216,13,7.505553499465135,0.014689265536723164,0,0.0,0.0,28,3.055050463303893,0.35,148,32.25419869309007,0.3690773067331671,0,0.0,0.0,PHI,4
Blake Whiteheart,CLE,TE,3,0,0.0,0,0.0,0.0,0.0,0,0.0,0.0,0,0.0,0.0,0,0.0,0.0,3,1.0,2,0.6666666666666666,0.5773502691896258,0.03508771929824561,31,9.073771725877465,0.05281090289608177,1,0.5773502691896258,0.2,0,0.0,0.0,0,0.0,0.0,0,0.0,0.0,PIT,4
Bo Melton,GNB,WR,3,0,0.0,0,0.0,0.0,0.0,0,0.0,0.0,0,0.0,0.0,0,0.0,0.0,3,0.0,1,0.3333333333333333,0.5773502691896258,0.015384615384615385,10,5.773502691896257,0.011848341232227487,0,0.0,0.0,0,0.0,0.0,0,0.0,0.0,0,0.0,0.0,TAM,4
Bo Nix,DEN,QB,3,93,3.0,56,0.6021505376344086,2.886751345948129,0.6021505376344086,605,79.66387721755284,1.0,4,0.5773502691896257,1.0,3,0.0,1.0,0,0.0,0,0.0,0.0,0.0,0,0.0,0.0,0,0.0,0.0,12,1.0,0.17647058823529413,15,2.6457513110645907,0.06172839506172839,1,0.5773502691896258,0.0,SFO,4
Brady Russell,SEA,FB,3,0,0.0,0,0.0,0.0,0.0,0,0.0,0.0,0,0.0,0.0,0,0.0,0.0,3,1.0,3,1.0,1.0,0.04411764705882353,40,11.547005383792516,0.04830917874396135,0,0.0,0.0,0,0.0,0.0,0,0.0,0.0,0,0.0,0.0,LAC,4
Braelon Allen,NYJ,RB,3,0,0.0,0,0.0,0.0,0.0,0,0.0,0.0,0,0.0,0.0,0,0.0,0.0,5,1.1547005383792517,4,0.8,1.5275252316519468,0.05194805194805195,11,4.041451884327381,0.0140485312899106,0,0.0,0.0,19,3.214550253664318,0.2235294117647059,61,17.3877351409933,0.22021660649819494,1,0.5773502691896258,0.3333333333333333,CHI,4
Brashard Smith,KAN,RB,3,0,0.0,0,0.0,0.0,0.0,0,0.0,0.0,0,0.0,0.0,0,0.0,0.0,1,0.5773502691896258,1,1.0,0.5773502691896258,0.014925373134328358,4,2.3094010767585034,0.0049261083743842365,0,0.0,0.0,0,0.0,0.0,0,0.0,0.0,0,0.0,0.0,LVR,4
Braxton Berrios,NYG,WR,3,0,0.0,0,0.0,0.0,0.0,0,0.0,0.0,0,0.0,0.0,0,0.0,0.0,0,0.0,0,0.0,0.0,0.0,0,0.0,0.0,0,0.0,0.0,0,0.0,0.0,0,0.0,0.0,0,0.0,0.0,ARI,4
Brayden Willis,SFO,TE,2,0,0.0,0,0.0,0.0,0.0,0,0.0,0.0,0,0.0,0.0,0,0.0,0.0,0,0.0,0,0.0,0.0,0.0,0,0.0,0.0,0,0.0,0.0,0,0.0,0.0,0,0.0,0.0,0,0.0,0.0,DEN,4
Breece Hall,NYJ,RB,3,0,0.0,0,0.0,0.0,0.0,0,0.0,0.0,0,0.0,0.0,0,0.0,0.0,10,1.5275252316519468,10,1.0,1.5275252316519468,0.12987012987012986,102,25.357444666211933,0.13026819923371646,0,0.0,0.0,51,4.58257569495584,0.6,163,41.30778780488412,0.5884476534296029,1,0.5773502691896258,0.3333333333333333,CHI,4
Brenen Thompson,LAC,WR,2,0,0.0,0,0.0,0.0,0.0,0,0.0,0.0,0,0.0,0.0,0,0.0,0.0,3,2.1213203435596424,1,0.3333333333333333,0.7071067811865476,0.03125,13,9.192388155425117,0.032418952618453865,0,0.0,0.0,0,0.0,0.0,0,0.0,0.0,0,0.0,0.0,SEA,4
Brenton Strange,JAX,TE,3,0,0.0,0,0.0,0.0,0.0,0,0.0,0.0,0,0.0,0.0,0,0.0,0.0,10,1.5275252316519465,7,0.7,0.5773502691896258,0.12962962962962962,72,7.54983443527075,0.11688311688311688,1,0.5773502691896258,0.14285714285714285,0,0.0,0.0,0,0.0,0.0,0,0.0,0.0,CIN,4
Brevyn Spann-Ford,DAL,TE,3,0,0.0,0,0.0,0.0,0.0,0,0.0,0.0,0,0.0,0.0,0,0.0,0.0,3,1.0,3,1.0,1.0,0.0410958904109589,33,9.848857801796104,0.045205479452054796,0,0.0,0.0,0,0.0,0.0,0,0.0,0.0,0,0.0,0.0,HOU,4
Brian Robinson Jr.,ATL,RB,3,0,0.0,0,0.0,0.0,0.0,0,0.0,0.0,0,0.0,0.0,0,0.0,0.0,2,1.1547005383792517,2,1.0,1.1547005383792517,0.041666666666666664,16,9.237604307034013,0.029411764705882353,0,0.0,0.0,30,1.0,0.28846153846153844,132,11.269427669584644,0.2543352601156069,1,0.5773502691896258,0.0,NOR,4
Brian Thomas,JAX,WR,3,0,0.0,0,0.0,0.0,0.0,0,0.0,0.0,0,0.0,0.0,0,0.0,0.0,12,3.605551275463989,7,0.5833333333333334,1.1547005383792515,0.12962962962962962,88,18.475208614068027,0.14285714285714285,0,0.0,0.0,0,0.0,0.0,0,0.0,0.0,0,0.0,0.0,CIN,4
Britain Covey,PHI,WR,3,0,0.0,0,0.0,0.0,0.0,0,0.0,0.0,0,0.0,0.0,0,0.0,0.0,0,0.0,0,0.0,0.0,0.0,0,0.0,0.0,0,0.0,0.0,0,0.0,0.0,0,0.0,0.0,0,0.0,0.0,LAR,4
British Brooks,HOU,RB,3,0,0.0,0,0.0,0.0,0.0,0,0.0,0.0,0,0.0,0.0,0,0.0,0.0,0,0.0,0,0.0,0.0,0.0,0,0.0,0.0,0,0.0,0.0,0,0.0,0.0,0,0.0,0.0,0,0.0,0.0,DAL,4
Brock Bowers,LVR,TE,1,0,0,0,0.0,0,0.0,0,0,0.0,0,0,0.0,0,0,0.0,13,0,10,0.7692307692307693,0,0.45454545454545453,116,0,0.46774193548387094,1,0,0.3333333333333333,0,0,0.0,0,0,0.0,0,0,0.0,KAN,4
Brock Purdy,SFO,QB,3,83,6.027713773341707,60,0.7228915662650602,5.0,0.7228915662650602,789,50.47771785649585,1.0,9,1.0,1.0,1,0.5773502691896258,1.0,0,0.0,0,0.0,0.0,0.0,0,0.0,0.0,0,0.0,0.0,10,1.5275252316519465,0.125,93,2.6457513110645907,0.2273838630806846,1,0.5773502691896258,0.25,DEN,4
Brock Wright,DET,TE,3,0,0.0,0,0.0,0.0,0.0,0,0.0,0.0,0,0.0,0.0,0,0.0,0.0,3,1.0,3,1.0,1.0,0.03896103896103896,12,3.605551275463989,0.014962593516209476,0,0.0,0.0,0,0.0,0.0,0,0.0,0.0,0,0.0,0.0,CAR,4
Bryce Lance,NOR,WR,3,0,0.0,0,0.0,0.0,0.0,0,0.0,0.0,0,0.0,0.0,0,0.0,0.0,8,1.5275252316519468,4,0.5,1.5275252316519468,0.04395604395604396,50,22.300971578236975,0.05452562704471101,0,0.0,0.0,0,0.0,0.0,0,0.0,0.0,0,0.0,0.0,ATL,4
Bryce Young,CAR,QB,3,121,6.658328118479393,72,0.5950413223140496,1.7320508075688772,0.5901639344262295,939,41.617304093369626,1.0,7,1.1547005383792515,1.0,2,0.5773502691896258,1.0,0,0.0,0,0.0,0.0,0.0,0,0.0,0.0,0,0.0,0.0,3,1.0,0.04477611940298507,16,5.033222956847167,0.054982817869415807,1,0.5773502691896258,0.5,DET,4
Brycen Tremayne,CAR,WR,3,0,0.0,0,0.0,0.0,0.0,0,0.0,0.0,0,0.0,0.0,0,0.0,0.0,6,3.4641016151377544,4,0.6666666666666666,2.3094010767585034,0.05555555555555555,83,47.92007234273893,0.08839190628328009,0,0.0,0.0,0,0.0,0.0,0,0.0,0.0,0,0.0,0.0,DET,4
Bucky Irving,TAM,RB,3,0,0.0,0,0.0,0.0,0.0,0,0.0,0.0,0,0.0,0.0,0,0.0,0.0,15,1.7320508075688772,13,0.8666666666666667,2.516611478423583,0.21311475409836064,61,24.583192089989723,0.0991869918699187,0,0.0,0.0,40,4.725815626252608,0.6060606060606061,180,25.11971337416094,0.6360424028268551,1,0.5773502691896258,0.5,GNB,4
C.J. Stroud,HOU,QB,3,120,14.106735979665885,72,0.6,7.211102550927978,0.6,794,93.35059364210456,1.0,3,1.0,1.0,0,0.0,0.0,0,0.0,0,0.0,0.0,0.0,0,0.0,0.0,0,0.0,0.0,7,0.5773502691896258,0.09859154929577464,54,9.848857801796104,0.2125984251968504,0,0.0,0.0,DAL,4
CJ Donaldson,NOR,RB,3,0,0.0,0,0.0,0.0,0.0,0,0.0,0.0,0,0.0,0.0,0,0.0,0.0,2,1.1547005383792517,1,0.5,0.5773502691896258,0.01098901098901099,-2,1.1547005383792517,-0.0021810250817884407,0,0.0,0.0,4,0.5773502691896257,0.05,11,1.5275252316519465,0.03618421052631579,0,0.0,0.0,ATL,4
CJ Williams,JAX,WR,1,0,0,0,0.0,0,0.0,0,0,0.0,0,0,0.0,0,0,0.0,0,0,0,0.0,0,0.0,0,0,0.0,0,0,0.0,0,0,0.0,0,0,0.0,0,0,0.0,CIN,4
Cade Otton,TAM,TE,3,0,0.0,0,0.0,0.0,0.0,0,0.0,0.0,0,0.0,0.0,0,0.0,0.0,17,0.5773502691896258,11,0.6470588235294118,1.1547005383792515,0.18032786885245902,120,15.0996688705415,0.1951219512195122,0,0.0,0.0,0,0.0,0.0,0,0.0,0.0,0,0.0,0.0,GNB,4
Cade Stover,HOU,TE,3,0,0.0,0,0.0,0.0,0.0,0,0.0,0.0,0,0.0,0.0,0,0.0,0.0,1,0.5773502691896258,1,1.0,0.5773502691896258,0.013888888888888888,-2,1.1547005383792517,-0.0025188916876574307,0,0.0,0.0,0,0.0,0.0,0,0.0,0.0,0,0.0,0.0,DAL,4
Caleb Douglas,MIA,WR,2,0,0.0,0,0.0,0.0,0.0,0,0.0,0.0,0,0.0,0.0,0,0.0,0.0,10,2.8284271247461903,7,0.7,2.1213203435596424,0.2413793103448276,113,53.033008588991066,0.2709832134292566,0,0.0,0.0,0,0.0,0.0,0,0.0,0.0,0,0.0,0.0,MIN,4
Caleb Williams,CHI,QB,2,55,2.1213203435596424,36,0.6545454545454545,4.242640687119285,0.5625,407,92.63098833543772,0.8828633405639913,2,1.4142135623730951,1.0,1,0.7071067811865476,1.0,0,0.0,0,0.0,0.0,0.0,0,0.0,0.0,0,0.0,0.0,15,3.5355339059327378,0.21428571428571427,107,16.263455967290593,0.25176470588235295,2,1.4142135623730951,0.0,NYJ,4
Calvin Ridley,TEN,WR,3,0,0.0,0,0.0,0.0,0.0,0,0.0,0.0,0,0.0,0.0,0,0.0,0.0,3,1.0,2,0.6666666666666666,1.1547005383792517,0.03636363636363636,35,20.207259421636902,0.06944444444444445,0,0.0,0.0,0,0.0,0.0,0,0.0,0.0,0,0.0,0.0,BAL,4
Cam Skattebo,NYG,RB,3,0,0.0,0,0.0,0.0,0.0,0,0.0,0.0,0,0.0,0.0,0,0.0,0.0,8,2.3094010767585034,7,0.875,2.081665999466133,0.13725490196078433,59,20.008331597945226,0.12317327766179541,0,0.0,0.0,50,4.163331998932266,0.5494505494505495,177,22.516660498395403,0.49859154929577465,1,0.5773502691896258,1.0,ARI,4
Cam Ward,TEN,QB,3,88,8.32666399786453,55,0.625,5.033222956847167,0.625,504,24.269322199023193,1.0,2,0.5773502691896258,1.0,1,0.5773502691896258,1.0,0,0.0,0,0.0,0.0,0.0,0,0.0,0.0,0,0.0,0.0,9,1.7320508075688772,0.140625,30,9.848857801796104,0.11070110701107011,2,1.1547005383792517,1.0,BAL,4
Cameron Latu,NWE,TE,3,0,0.0,0,0.0,0.0,0.0,0,0.0,0.0,0,0.0,0.0,0,0.0,0.0,0,0.0,0,0.0,0.0,0.0,0,0.0,0.0,0,0.0,0.0,0,0.0,0.0,0,0.0,0.0,0,0.0,0.0,BUF,4
Carnell Tate,TEN,WR,3,0,0.0,0,0.0,0.0,0.0,0,0.0,0.0,0,0.0,0.0,0,0.0,0.0,20,2.0816659994661326,13,0.65,1.5275252316519465,0.23636363636363636,123,15.716233645501712,0.24404761904761904,0,0.0,0.0,0,0.0,0.0,0,0.0,0.0,0,0.0,0.0,BAL,4
Carsen Ryan,CLE,TE,3,0,0.0,0,0.0,0.0,0.0,0,0.0,0.0,0,0.0,0.0,0,0.0,0.0,0,0.0,0,0.0,0.0,0.0,0,0.0,0.0,0,0.0,0.0,0,0.0,0.0,0,0.0,0.0,0,0.0,0.0,PIT,4
Carson Wentz,MIN,QB,2,39,0.7071067811865476,23,0.5897435897435898,0.7071067811865476,0.5227272727272727,276,7.0710678118654755,0.9387755102040817,3,2.1213203435596424,1.0,0,0.0,0.0,0,0.0,0,0.0,0.0,0.0,0,0.0,0.0,0,0.0,0.0,8,1.4142135623730951,0.12903225806451613,5,4.949747468305833,0.022123893805309734,0,0.0,0.0,MIA,4
Case Keenum,CHI,QB,1,34,0,24,0.7058823529411765,0,0.7058823529411765,247,0,1.0,2,0,0.0,0,0,0.0,0,0,0,0.0,0,0.0,0,0,0.0,0,0,0.0,4,0,0.11428571428571428,6,0,0.046875,1,0,1.0,NYJ,4
CeeDee Lamb,DAL,WR,3,0,0.0,0,0.0,0.0,0.0,0,0.0,0.0,0,0.0,0.0,0,0.0,0.0,25,0.5773502691896257,20,0.8,1.5275252316519465,0.273972602739726,309,55.054518434003214,0.4232876712328767,3,1.0,0.42857142857142855,1,0.5773502691896258,0.014492753623188406,0,0.0,0.0,0,0.0,0.0,HOU,4
Charlie Kolar,LAC,TE,2,0,0.0,0,0.0,0.0,0.0,0,0.0,0.0,0,0.0,0.0,0,0.0,0.0,3,2.1213203435596424,3,1.0,2.1213203435596424,0.09375,21,14.849242404917497,0.05236907730673317,0,0.0,0.0,0,0.0,0.0,0,0.0,0.0,0,0.0,0.0,SEA,4
Charlie Woerner,ATL,TE,3,0,0.0,0,0.0,0.0,0.0,0,0.0,0.0,0,0.0,0.0,0,0.0,0.0,1,0.5773502691896258,0,0.0,0.0,0.0,0,0.0,0.0,0,0.0,0.0,0,0.0,0.0,0,0.0,0.0,0,0.0,0.0,NOR,4
Chase Brown,CIN,RB,3,0,0.0,0,0.0,0.0,0.0,0,0.0,0.0,0,0.0,0.0,0,0.0,0.0,13,2.0816659994661326,10,0.7692307692307693,1.5275252316519465,0.136986301369863,32,10.263202878893768,0.04306864064602961,0,0.0,0.0,49,3.5118845842842465,0.7205882352941176,197,12.662279942148386,0.718978102189781,1,0.5773502691896258,1.0,JAX,4
Chig Okonkwo,WSH,TE,1,0,0,0,0.0,0,0.0,0,0,0.0,0,0,0.0,0,0,0.0,3,0,2,0.6666666666666666,0,0.1111111111111111,16,0,0.0975609756097561,0,0,0.0,0,0,0.0,0,0,0.0,0,0,0.0,IND,4
Chimere Dike,TEN,WR,3,0,0.0,0,0.0,0.0,0.0,0,0.0,0.0,0,0.0,0.0,0,0.0,0.0,2,0.5773502691896258,2,1.0,0.5773502691896258,0.03636363636363636,10,3.5118845842842465,0.01984126984126984,0,0.0,0.0,0,0.0,0.0,0,0.0,0.0,0,0.0,0.0,BAL,4
Chris Bell,MIA,WR,3,0,0.0,0,0.0,0.0,0.0,0,0.0,0.0,0,0.0,0.0,0,0.0,0.0,10,3.214550253664318,5,0.5,2.0816659994661326,0.10204081632653061,92,33.85754470326124,0.1467304625199362,0,0.0,0.0,0,0.0,0.0,0,0.0,0.0,0,0.0,0.0,MIN,4
Chris Blair,ATL,WR,3,0,0.0,0,0.0,0.0,0.0,0,0.0,0.0,0,0.0,0.0,0,0.0,0.0,3,1.7320508075688772,1,0.3333333333333333,0.5773502691896258,0.020833333333333332,6,3.4641016151377544,0.011029411764705883,0,0.0,0.0,0,0.0,0.0,0,0.0,0.0,0,0.0,0.0,NOR,4
Chris Brooks,GNB,RB,3,0,0.0,0,0.0,0.0,0.0,0,0.0,0.0,0,0.0,0.0,0,0.0,0.0,4,0.5773502691896257,2,0.5,0.5773502691896258,0.03076923076923077,19,7.767453465154029,0.022511848341232227,0,0.0,0.0,11,3.511884584284246,0.22916666666666666,40,14.6401275039985,0.273972602739726,0,0.0,0.0,TAM,4
Chris Godwin,TAM,WR,3,0,0.0,0,0.0,0.0,0.0,0,0.0,0.0,0,0.0,0.0,0,0.0,0.0,11,0.5773502691896258,10,0.9090909090909091,0.5773502691896258,0.16393442622950818,111,10.816653826391969,0.18048780487804877,0,0.0,0.0,2,0.5773502691896258,0.030303030303030304,15,6.244997998398398,0.053003533568904596,0,0.0,0.0,GNB,4
Chris Manhertz,NYG,TE,3,0,0.0,0,0.0,0.0,0.0,0,0.0,0.0,0,0.0,0.0,0,0.0,0.0,0,0.0,0,0.0,0.0,0.0,0,0.0,0.0,0,0.0,0.0,0,0.0,0.0,0,0.0,0.0,0,0.0,0.0,ARI,4
Chris Moore,BAL,WR,3,0,0.0,0,0.0,0.0,0.0,0,0.0,0.0,0,0.0,0.0,0,0.0,0.0,6,1.0,3,0.5,0.0,0.05660377358490566,63,27.730849247724095,0.08456375838926175,1,0.5773502691896258,0.25,0,0.0,0.0,0,0.0,0.0,0,0.0,0.0,TEN,4
Chris Myarick,LVR,TE,2,0,0.0,0,0.0,0.0,0.0,0,0.0,0.0,0,0.0,0.0,0,0.0,0.0,0,0.0,0,0.0,0.0,0.0,0,0.0,0.0,0,0.0,0.0,0,0.0,0.0,0,0.0,0.0,0,0.0,0.0,KAN,4
Chris Olave,NOR,WR,3,0,0.0,0,0.0,0.0,0.0,0,0.0,0.0,0,0.0,0.0,0,0.0,0.0,36,1.7320508075688772,27,0.75,1.0,0.2967032967032967,375,50.46781152378217,0.4089422028353326,1,0.5773502691896258,0.125,0,0.0,0.0,0,0.0,0.0,0,0.0,0.0,ATL,4
Chris Rodriguez,JAX,RB,3,0,0.0,0,0.0,0.0,0.0,0,0.0,0.0,0,0.0,0.0,0,0.0,0.0,0,0.0,0,0.0,0.0,0.0,0,0.0,0.0,0,0.0,0.0,20,1.1547005383792517,0.23255813953488372,73,12.055427546683417,0.20391061452513967,1,0.5773502691896258,0.3333333333333333,CIN,4
Christian McCaffrey,SFO,RB,3,0,0.0,0,0.0,0.0,0.0,0,0.0,0.0,0,0.0,0.0,0,0.0,0.0,17,2.0816659994661326,13,0.7647058823529411,0.5773502691896258,0.22033898305084745,104,12.741009902410928,0.13214739517153748,0,0.0,0.0,35,2.8867513459481287,0.4375,166,28.21937868439582,0.4058679706601467,3,1.0,0.75,DEN,4
Christian Watson,GNB,WR,3,0,0.0,0,0.0,0.0,0.0,0,0.0,0.0,0,0.0,0.0,0,0.0,0.0,29,1.5275252316519468,17,0.5862068965517241,1.5275252316519465,0.26153846153846155,284,53.01257712404985,0.33649289099526064,4,0.5773502691896257,0.6666666666666666,0,0.0,0.0,0,0.0,0.0,0,0.0,0.0,TAM,4
Chuba Hubbard,CAR,RB,3,0,0.0,0,0.0,0.0,0.0,0,0.0,0.0,0,0.0,0.0,0,0.0,0.0,9,1.0,9,1.0,1.0,0.125,77,13.650396819628847,0.08200212992545261,2,0.5773502691896258,0.2857142857142857,41,4.725815626252608,0.6119402985074627,184,18.0092568789868,0.6323024054982818,1,0.5773502691896258,0.5,DET,4
Cody White,LVR,WR,3,0,0.0,0,0.0,0.0,0.0,0,0.0,0.0,0,0.0,0.0,0,0.0,0.0,6,1.0,3,0.5,1.0,0.04838709677419355,28,12.858201014657274,0.04236006051437216,3,1.0,0.3333333333333333,0,0.0,0.0,0,0.0,0.0,0,0.0,0.0,KAN,4
Colbie Young,CIN,WR,3,0,0.0,0,0.0,0.0,0.0,0,0.0,0.0,0,0.0,0.0,0,0.0,0.0,2,0.5773502691896258,2,1.0,0.5773502691896258,0.0273972602739726,9,3.605551275463989,0.012113055181695828,0,0.0,0.0,0,0.0,0.0,0,0.0,0.0,0,0.0,0.0,JAX,4
Colby Parkinson,LAR,TE,3,0,0.0,0,0.0,0.0,0.0,0,0.0,0.0,0,0.0,0.0,0,0.0,0.0,5,0.5773502691896257,3,0.6,1.0,0.043478260869565216,21,7.54983443527075,0.023728813559322035,0,0.0,0.0,0,0.0,0.0,0,0.0,0.0,0,0.0,0.0,PHI,4
Cole Kmet,CHI,TE,3,0,0.0,0,0.0,0.0,0.0,0,0.0,0.0,0,0.0,0.0,0,0.0,0.0,5,1.1547005383792517,2,0.4,1.1547005383792517,0.03076923076923077,35,20.207259421636902,0.04943502824858757,1,0.5773502691896258,0.25,0,0.0,0.0,0,0.0,0.0,0,0.0,0.0,NYJ,4
Colson Yankoff,WSH,TE,3,0,0.0,0,0.0,0.0,0.0,0,0.0,0.0,0,0.0,0.0,0,0.0,0.0,3,1.0,2,0.6666666666666666,0.5773502691896258,0.03333333333333333,16,7.571877794400366,0.02888086642599278,0,0.0,0.0,0,0.0,0.0,0,0.0,0.0,0,0.0,0.0,IND,4
Colston Loveland,CHI,TE,3,0,0.0,0,0.0,0.0,0.0,0,0.0,0.0,0,0.0,0.0,0,0.0,0.0,9,1.0,5,0.5555555555555556,2.0816659994661326,0.07692307692307693,34,17.097758137642877,0.0480225988700565,0,0.0,0.0,0,0.0,0.0,0,0.0,0.0,0,0.0,0.0,NYJ,4
Connor Heyward,LVR,FB,3,0,0.0,0,0.0,0.0,0.0,0,0.0,0.0,0,0.0,0.0,0,0.0,0.0,0,0.0,0,0.0,0.0,0.0,0,0.0,0.0,0,0.0,0.0,2,0.5773502691896258,0.021505376344086023,2,0.5773502691896258,0.006666666666666667,0,0.0,0.0,KAN,4
Cooper Kupp,SEA,WR,3,0,0.0,0,0.0,0.0,0.0,0,0.0,0.0,0,0.0,0.0,0,0.0,0.0,10,1.5275252316519465,8,0.8,1.1547005383792515,0.11764705882352941,101,13.051181300301261,0.12198067632850242,1,0.5773502691896258,0.125,0,0.0,0.0,0,0.0,0.0,0,0.0,0.0,LAC,4
Cooper Rush,ATL,QB,2,39,3.5355339059327378,22,0.5641025641025641,1.4142135623730951,0.4074074074074074,229,40.30508652763321,0.7951388888888888,1,0.7071067811865476,1.0,4,0.0,0.8,0,0.0,0,0.0,0.0,0.0,0,0.0,0.0,0,0.0,0.0,2,1.4142135623730951,0.031746031746031744,20,14.142135623730951,0.07220216606498195,0,0.0,0.0,NOR,4
Corey Kiner,NWE,RB,3,0,0.0,0,0.0,0.0,0.0,0,0.0,0.0,0,0.0,0.0,0,0.0,0.0,1,0.5773502691896258,1,1.0,0.5773502691896258,0.01818181818181818,9,5.196152422706632,0.014263074484944533,0,0.0,0.0,14,2.309401076758503,0.16470588235294117,29,9.073771725877467,0.08841463414634146,0,0.0,0.0,BUF,4
Courtland Sutton,DEN,WR,3,0,0.0,0,0.0,0.0,0.0,0,0.0,0.0,0,0.0,0.0,0,0.0,0.0,16,1.5275252316519465,8,0.5,0.5773502691896258,0.14285714285714285,82,17.616280348965084,0.13553719008264462,0,0.0,0.0,0,0.0,0.0,0,0.0,0.0,0,0.0,0.0,SFO,4
Cyrus Allen,KAN,WR,3,0,0.0,0,0.0,0.0,0.0,0,0.0,0.0,0,0.0,0.0,0,0.0,0.0,1,0.5773502691896258,0,0.0,0.0,0.0,0,0.0,0.0,0,0.0,0.0,0,0.0,0.0,0,0.0,0.0,0,0.0,0.0,LVR,4
D'Andre Swift,CHI,RB,3,0,0.0,0,0.0,0.0,0.0,0,0.0,0.0,0,0.0,0.0,0,0.0,0.0,9,2.0,8,0.8888888888888888,2.081665999466133,0.12307692307692308,68,27.300793639257694,0.096045197740113,0,0.0,0.0,54,2.0,0.5142857142857142,253,39.50105483823607,0.45750452079566006,3,1.7320508075688772,0.42857142857142855,NYJ,4
D.J. Moore,BUF,WR,3,0,0.0,0,0.0,0.0,0.0,0,0.0,0.0,0,0.0,0.0,0,0.0,0.0,18,5.291502622129181,11,0.6111111111111112,3.2145502536643185,0.19642857142857142,167,50.95422782589618,0.21246819338422393,1,0.5773502691896258,0.2,1,0.5773502691896258,0.011111111111111112,-1,0.5773502691896258,-0.002150537634408602,0,0.0,0.0,NWE,4
D.K. Metcalf,PIT,WR,3,0,0.0,0,0.0,0.0,0.0,0,0.0,0.0,0,0.0,0.0,0,0.0,0.0,24,2.6457513110645907,11,0.4583333333333333,0.5773502691896258,0.16666666666666666,98,6.658328118479393,0.14,1,0.5773502691896258,0.25,0,0.0,0.0,0,0.0,0.0,0,0.0,0.0,CLE,4
DJ Herman,MIA,FB,3,0,0.0,0,0.0,0.0,0.0,0,0.0,0.0,0,0.0,0.0,0,0.0,0.0,3,1.7320508075688772,1,0.3333333333333333,0.5773502691896258,0.02040816326530612,18,10.392304845413264,0.028708133971291867,0,0.0,0.0,0,0.0,0.0,0,0.0,0.0,0,0.0,0.0,MIN,4
Dak Prescott,DAL,QB,3,105,4.58257569495584,73,0.6952380952380952,2.081665999466133,0.6952380952380952,730,59.197409853247244,1.0,7,1.5275252316519465,1.0,1,0.5773502691896258,1.0,0,0.0,0,0.0,0.0,0.0,0,0.0,0.0,0,0.0,0.0,10,1.1547005383792515,0.14492753623188406,59,6.027713773341707,0.20848056537102475,0,0.0,0.0,HOU,4
Dallas Goedert,PHI,TE,2,0,0.0,0,0.0,0.0,0.0,0,0.0,0.0,0,0.0,0.0,0,0.0,0.0,7,2.1213203435596424,5,0.7142857142857143,2.1213203435596424,0.125,81,51.61879502661797,0.1734475374732334,2,1.4142135623730951,0.4,0,0.0,0.0,0,0.0,0.0,0,0.0,0.0,LAR,4
Dalton Kincaid,BUF,TE,3,0,0.0,0,0.0,0.0,0.0,0,0.0,0.0,0,0.0,0.0,0,0.0,0.0,17,2.516611478423583,14,0.8235294117647058,2.516611478423583,0.25,263,46.43633634701744,0.3346055979643766,1,0.5773502691896258,0.2,0,0.0,0.0,0,0.0,0.0,0,0.0,0.0,NWE,4
Dalton Schultz,HOU,TE,3,0,0.0,0,0.0,0.0,0.0,0,0.0,0.0,0,0.0,0.0,0,0.0,0.0,25,5.507570547286102,19,0.76,4.932882862316247,0.2638888888888889,205,62.11548384528075,0.25818639798488663,0,0.0,0.0,0,0.0,0.0,0,0.0,0.0,0,0.0,0.0,DAL,4
Daniel Bellinger,TEN,TE,3,0,0.0,0,0.0,0.0,0.0,0,0.0,0.0,0,0.0,0.0,0,0.0,0.0,4,0.5773502691896257,3,0.75,1.0,0.05454545454545454,23,8.020806277010642,0.04563492063492063,0,0.0,0.0,0,0.0,0.0,0,0.0,0.0,0,0.0,0.0,BAL,4
Daniel Jones,IND,QB,3,98,2.8867513459481287,65,0.6632653061224489,2.5166114784235836,0.6632653061224489,611,34.93326972004386,1.0,3,0.0,0.0,3,0.0,1.0,0,0.0,0,0.0,0.0,0.0,0,0.0,0.0,0,0.0,0.0,7,1.1547005383792515,0.08433734939759036,19,3.2145502536643185,0.06129032258064516,0,0.0,0.0,WSH,4
Dareke Young,LVR,WR,3,0,0.0,0,0.0,0.0,0.0,0,0.0,0.0,0,0.0,0.0,0,0.0,0.0,1,0.5773502691896258,1,1.0,0.5773502691896258,0.016129032258064516,27,15.588457268119896,0.04084720121028744,0,0.0,0.0,0,0.0,0.0,0,0.0,0.0,0,0.0,0.0,KAN,4
Darius Cooper,PHI,WR,3,0,0.0,0,0.0,0.0,0.0,0,0.0,0.0,0,0.0,0.0,0,0.0,0.0,3,1.7320508075688772,2,0.6666666666666666,1.1547005383792517,0.03571428571428571,26,15.01110699893027,0.041935483870967745,1,0.5773502691896258,0.2,0,0.0,0.0,0,0.0,0.0,0,0.0,0.0,LAR,4
Darnell Mooney,NYG,WR,3,0,0.0,0,0.0,0.0,0.0,0,0.0,0.0,0,0.0,0.0,0,0.0,0.0,8,0.5773502691896258,6,0.75,0.0,0.11764705882352941,95,14.571661996262929,0.19832985386221294,0,0.0,0.0,1,0.5773502691896258,0.01098901098901099,9,5.196152422706632,0.02535211267605634,0,0.0,0.0,ARI,4
Darnell Washington,PIT,TE,3,0,0.0,0,0.0,0.0,0.0,0,0.0,0.0,0,0.0,0.0,0,0.0,0.0,8,1.1547005383792515,6,0.75,1.0,0.09090909090909091,92,31.942656954820357,0.13142857142857142,0,0.0,0.0,0,0.0,0.0,0,0.0,0.0,0,0.0,0.0,CLE,4
Darren Waller,CAR,TE,3,0,0.0,0,0.0,0.0,0.0,0,0.0,0.0,0,0.0,0.0,0,0.0,0.0,13,3.214550253664318,10,0.7692307692307693,1.5275252316519465,0.1388888888888889,112,12.096831541082704,0.11927582534611289,2,1.1547005383792517,0.2857142857142857,0,0.0,0.0,0,0.0,0.0,0,0.0,0.0,DET,4
Davante Adams,LAR,WR,3,0,0.0,0,0.0,0.0,0.0,0,0.0,0.0,0,0.0,0.0,0,0.0,0.0,29,3.511884584284246,18,0.6206896551724138,2.6457513110645907,0.2608695652173913,358,85.87393861546897,0.40451977401129946,2,1.1547005383792517,0.3333333333333333,0,0.0,0.0,0,0.0,0.0,0,0.0,0.0,PHI,4
David Martin-Robinson,TEN,TE,3,0,0.0,0,0.0,0.0,0.0,0,0.0,0.0,0,0.0,0.0,0,0.0,0.0,0,0.0,0,0.0,0.0,0.0,0,0.0,0.0,0,0.0,0.0,0,0.0,0.0,0,0.0,0.0,0,0.0,0.0,BAL,4
David Montgomery,HOU,RB,3,0,0.0,0,0.0,0.0,0.0,0,0.0,0.0,0,0.0,0.0,0,0.0,0.0,7,0.5773502691896258,7,1.0,0.5773502691896258,0.09722222222222222,48,2.6457513110645907,0.060453400503778336,1,0.5773502691896258,0.3333333333333333,37,7.094598884597588,0.5211267605633803,103,25.026652459594615,0.40551181102362205,2,1.1547005383792517,0.6666666666666666,DAL,4
David Moore,CAR,WR,1,0,0,0,0.0,0,0.0,0,0,0.0,0,0,0.0,0,0,0.0,2,0,0,0.0,0,0.0,0,0,0.0,0,0,0.0,0,0,0.0,0,0,0.0,0,0,0.0,DET,4
David Njoku,LAC,TE,2,0,0.0,0,0.0,0.0,0.0,0,0.0,0.0,0,0.0,0.0,0,0.0,0.0,8,1.4142135623730951,6,0.75,2.8284271247461903,0.1875,67,34.64823227814083,0.16708229426433915,0,0.0,0.0,0,0.0,0.0,0,0.0,0.0,0,0.0,0.0,SEA,4
Davis Allen,LAR,TE,3,0,0.0,0,0.0,0.0,0.0,0,0.0,0.0,0,0.0,0.0,0,0.0,0.0,5,1.1547005383792517,4,0.8,0.5773502691896257,0.057971014492753624,39,6.0,0.04406779661016949,0,0.0,0.0,0,0.0,0.0,0,0.0,0.0,0,0.0,0.0,PHI,4
Dawson Knox,BUF,TE,3,0,0.0,0,0.0,0.0,0.0,0,0.0,0.0,0,0.0,0.0,0,0.0,0.0,4,0.5773502691896257,4,1.0,0.5773502691896257,0.07142857142857142,17,1.1547005383792517,0.021628498727735368,1,0.5773502691896258,0.2,1,0.5773502691896258,0.011111111111111112,0,0.0,0.0,0,0.0,0.0,NWE,4
De'Von Achane,MIA,RB,3,0,0.0,0,0.0,0.0,0.0,0,0.0,0.0,0,0.0,0.0,0,0.0,0.0,12,2.6457513110645907,7,0.5833333333333334,2.081665999466133,0.14285714285714285,49,15.17673658377628,0.07814992025518341,0,0.0,0.0,34,8.504900548115383,0.44155844155844154,127,29.022979401386987,0.43050847457627117,0,0.0,0.0,MIN,4
De'Zhaun Stribling,SFO,WR,1,0,0,0,0.0,0,0.0,0,0,0.0,0,0,0.0,0,0,0.0,0,0,0,0.0,0,0.0,0,0,0.0,0,0,0.0,0,0,0.0,0,0,0.0,0,0,0.0,DEN,4
DeMario Douglas,NWE,WR,3,0,0.0,0,0.0,0.0,0.0,0,0.0,0.0,0,0.0,0.0,0,0.0,0.0,14,2.516611478423583,7,0.5,2.3094010767585034,0.12727272727272726,67,14.6401275039985,0.10618066561014262,0,0.0,0.0,0,0.0,0.0,0,0.0,0.0,0,0.0,0.0,BUF,4
DeVonta Smith,PHI,WR,3,0,0.0,0,0.0,0.0,0.0,0,0.0,0.0,0,0.0,0.0,0,0.0,0.0,27,3.605551275463989,19,0.7037037037037037,3.5118845842842465,0.3392857142857143,235,34.019602192461534,0.3790322580645161,1,0.5773502691896258,0.2,0,0.0,0.0,0,0.0,0.0,0,0.0,0.0,LAR,4
Dean Connors,LAR,RB,1,0,0,0,0.0,0,0.0,0,0,0.0,0,0,0.0,0,0,0.0,0,0,0,0.0,0,0.0,0,0,0.0,0,0,0.0,0,0,0.0,0,0,0.0,0,0,0.0,PHI,4
DeeJay Dallas,MIN,RB,3,0,0.0,0,0.0,0.0,0.0,0,0.0,0.0,0,0.0,0.0,0,0.0,0.0,2,0.5773502691896258,2,1.0,0.5773502691896258,0.04878048780487805,13,6.658328118479393,0.02813852813852814,0,0.0,0.0,3,1.0,0.03529411764705882,10,4.163331998932265,0.03289473684210526,0,0.0,0.0,MIA,4
Deebo Samuel,SFO,WR,3,0,0.0,0,0.0,0.0,0.0,0,0.0,0.0,0,0.0,0.0,0,0.0,0.0,11,3.511884584284246,9,0.8181818181818182,3.0,0.15254237288135594,159,24.879710609249457,0.2020330368487929,2,0.5773502691896258,0.2222222222222222,4,0.5773502691896257,0.05,30,5.291502622129181,0.07334963325183375,0,0.0,0.0,DEN,4
Deion Burks,IND,WR,3,0,0.0,0,0.0,0.0,0.0,0,0.0,0.0,0,0.0,0.0,0,0.0,0.0,0,0.0,0,0.0,0.0,0.0,0,0.0,0.0,0,0.0,0.0,2,1.1547005383792517,0.024096385542168676,14,8.082903768654761,0.04516129032258064,0,0.0,0.0,WSH,4
Demarcus Robinson,SFO,WR,2,0,0.0,0,0.0,0.0,0.0,0,0.0,0.0,0,0.0,0.0,0,0.0,0.0,6,0.0,5,0.8333333333333334,0.7071067811865476,0.11363636363636363,84,11.313708498984761,0.17142857142857143,1,0.7071067811865476,0.2,0,0.0,0.0,0,0.0,0.0,0,0.0,0.0,DEN,4
Demond Claiborne,MIN,RB,2,0,0.0,0,0.0,0.0,0.0,0,0.0,0.0,0,0.0,0.0,0,0.0,0.0,1,0.7071067811865476,1,1.0,0.7071067811865476,0.038461538461538464,2,1.4142135623730951,0.006430868167202572,0,0.0,0.0,3,2.1213203435596424,0.058823529411764705,1,0.7071067811865476,0.005076142131979695,0,0.0,0.0,MIA,4
Denzel Boston,CLE,WR,3,0,0.0,0,0.0,0.0,0.0,0,0.0,0.0,0,0.0,0.0,0,0.0,0.0,15,1.7320508075688772,9,0.6,1.7320508075688772,0.15789473684210525,195,27.49545416973504,0.3321976149914821,2,0.5773502691896258,0.0,0,0.0,0.0,0,0.0,0.0,0,0.0,0.0,PIT,4
Derius Davis,LAC,WR,3,0,0.0,0,0.0,0.0,0.0,0,0.0,0.0,0,0.0,0.0,0,0.0,0.0,2,0.5773502691896258,0,0.0,0.0,0.0,0,0.0,0.0,0,0.0,0.0,0,0.0,0.0,0,0.0,0.0,0,0.0,0.0,SEA,4
Derrick Henry,BAL,RB,3,0,0.0,0,0.0,0.0,0.0,0,0.0,0.0,0,0.0,0.0,0,0.0,0.0,5,1.1547005383792517,5,1.0,1.1547005383792517,0.09433962264150944,38,10.96965511460289,0.05100671140939597,0,0.0,0.0,66,5.291502622129181,0.6804123711340206,301,39.24708057083142,0.599601593625498,6,1.0,0.8571428571428571,TEN,4
Deshaun Watson,CLE,QB,3,82,4.618802153517007,56,0.6829268292682927,4.618802153517007,0.6746987951807228,587,47.68997099321128,1.0,5,0.5773502691896257,1.0,1,0.5773502691896258,1.0,0,0.0,0,0.0,0.0,0.0,0,0.0,0.0,0,0.0,0.0,24,2.6457513110645907,0.32,105,11.789826122551595,0.39923954372623577,0,0.0,0.0,PIT,4
Devaughn Vele,NOR,WR,3,0,0.0,0,0.0,0.0,0.0,0,0.0,0.0,0,0.0,0.0,0,0.0,0.0,22,1.5275252316519465,15,0.6818181818181818,2.0,0.16483516483516483,172,16.072751268321593,0.1875681570338059,1,0.5773502691896258,0.125,0,0.0,0.0,0,0.0,0.0,0,0.0,0.0,ATL,4
Devin Duvernay,ARI,WR,3,0,0.0,0,0.0,0.0,0.0,0,0.0,0.0,0,0.0,0.0,0,0.0,0.0,0,0.0,0,0.0,0.0,0.0,0,0.0,0.0,0,0.0,0.0,0,0.0,0.0,0,0.0,0.0,0,0.0,0.0,NYG,4
Devin Singletary,NYG,RB,2,0,0.0,0,0.0,0.0,0.0,0,0.0,0.0,0,0.0,0.0,0,0.0,0.0,5,2.1213203435596424,4,0.8,2.8284271247461903,0.10810810810810811,22,15.556349186104045,0.060941828254847646,1,0.7071067811865476,0.3333333333333333,9,2.1213203435596424,0.15517241379310345,25,4.949747468305833,0.1152073732718894,0,0.0,0.0,ARI,4
Devontez Walker,BAL,WR,2,0,0.0,0,0.0,0.0,0.0,0,0.0,0.0,0,0.0,0.0,0,0.0,0.0,3,0.7071067811865476,1,0.3333333333333333,0.7071067811865476,0.027777777777777776,47,33.23401871576773,0.11163895486935867,0,0.0,0.0,0,0.0,0.0,0,0.0,0.0,0,0.0,0.0,TEN,4
Dillon Bell,MIN,WR,1,0,0,0,0.0,0,0.0,0,0,0.0,0,0,0.0,0,0,0.0,0,0,0,0.0,0,0.0,0,0,0.0,0,0,0.0,0,0,0.0,0,0,0.0,0,0,0.0,MIA,4
Dohnte Meyers,CIN,WR,3,0,0.0,0,0.0,0.0,0.0,0,0.0,0.0,0,0.0,0.0,0,0.0,0.0,7,2.3094010767585034,4,0.5714285714285714,1.5275252316519468,0.0547945205479452,47,14.6401275039985,0.063257065948856,0,0.0,0.0,1,0.5773502691896258,0.014705882352941176,10,5.773502691896257,0.0364963503649635,0,0.0,0.0,JAX,4
Dontayvion Wicks,PHI,WR,3,0,0.0,0,0.0,0.0,0.0,0,0.0,0.0,0,0.0,0.0,0,0.0,0.0,15,1.0,9,0.6,1.7320508075688772,0.16071428571428573,179,23.96525262402492,0.2887096774193548,1,0.5773502691896258,0.2,0,0.0,0.0,0,0.0,0.0,0,0.0,0.0,LAR,4
Drake London,ATL,WR,3,0,0.0,0,0.0,0.0,0.0,0,0.0,0.0,0,0.0,0.0,0,0.0,0.0,20,2.8867513459481287,15,0.75,3.605551275463989,0.3125,274,89.58980596771785,0.5036764705882353,0,0.0,0.0,2,0.5773502691896258,0.019230769230769232,4,4.163331998932266,0.007707129094412331,0,0.0,0.0,NOR,4
Drake Maye,NWE,QB,3,80,5.686240703077327,51,0.6375,5.196152422706632,0.5930232558139535,585,15.394804318340652,0.9270998415213946,1,0.5773502691896258,1.0,6,1.0,0.0,0,0.0,0,0.0,0.0,0.0,0,0.0,0.0,0,0.0,0.0,15,1.7320508075688772,0.17647058823529413,82,17.039170558842745,0.25,0,0.0,0.0,BUF,4
Drew Lock,SEA,QB,2,48,2.8284271247461903,35,0.7291666666666666,2.1213203435596424,0.7,422,33.94112549695428,0.9701149425287356,4,1.4142135623730951,1.0,0,0.0,0.0,0,0.0,0,0.0,0.0,0.0,0,0.0,0.0,0,0.0,0.0,2,1.4142135623730951,0.03225806451612903,13,9.192388155425117,0.05019305019305019,0,0.0,0.0,LAC,4
Drew Sample,CIN,TE,3,0,0.0,0,0.0,0.0,0.0,0,0.0,0.0,0,0.0,0.0,0,0.0,0.0,5,1.5275252316519465,4,0.8,1.5275252316519465,0.0547945205479452,19,10.96965511460289,0.02557200538358008,0,0.0,0.0,0,0.0,0.0,0,0.0,0.0,0,0.0,0.0,JAX,4
Durham Smythe,BAL,TE,3,0,0.0,0,0.0,0.0,0.0,0,0.0,0.0,0,0.0,0.0,0,0.0,0.0,2,0.5773502691896258,1,0.5,0.5773502691896258,0.018867924528301886,4,2.3094010767585034,0.005369127516778523,0,0.0,0.0,0,0.0,0.0,0,0.0,0.0,0,0.0,0.0,TEN,4
Dyami Brown,WSH,WR,3,1,0.5773502691896258,1,1.0,0.5773502691896258,0.01,0,0.0,0.0,0,0.0,0.0,0,0.0,0.0,9,2.6457513110645907,4,0.4444444444444444,2.3094010767585034,0.06666666666666667,21,12.12435565298214,0.03790613718411552,0,0.0,0.0,0,0.0,0.0,0,0.0,0.0,0,0.0,0.0,IND,4
Dylan Laube,LVR,RB,3,0,0.0,0,0.0,0.0,0.0,0,0.0,0.0,0,0.0,0.0,0,0.0,0.0,0,0.0,0,0.0,0.0,0.0,0,0.0,0.0,0,0.0,0.0,0,0.0,0.0,0,0.0,0.0,0,0.0,0.0,KAN,4
Dylan Sampson,CLE,RB,1,0,0,0,0.0,0,0.0,0,0,0.0,0,0,0.0,0,0,0.0,0,0,0,0.0,0,0.0,0,0,0.0,0,0,0.0,0,0,0.0,0,0,0.0,0,0,0.0,PIT,4
E.J. Jenkins,PHI,TE,3,0,0.0,0,0.0,0.0,0.0,0,0.0,0.0,0,0.0,0.0,0,0.0,0.0,0,0.0,0,0.0,0.0,0.0,0,0.0,0.0,0,0.0,0.0,0,0.0,0.0,0,0.0,0.0,0,0.0,0.0,LAR,4
Efton Chism,NWE,WR,2,1,0.7071067811865476,1,1.0,0.7071067811865476,0.018867924528301886,16,11.313708498984761,0.03532008830022075,0,0.0,0.0,0,0.0,0.0,3,0.7071067811865476,2,0.6666666666666666,0.0,0.0625,-1,2.1213203435596424,-0.002207505518763797,0,0.0,0.0,0,0.0,0.0,0,0.0,0.0,0,0.0,0.0,BUF,4
Eli Heidenreich,PIT,RB,2,0,0.0,0,0.0,0.0,0.0,0,0.0,0.0,0,0.0,0.0,0,0.0,0.0,0,0.0,0,0.0,0.0,0.0,0,0.0,0.0,0,0.0,0.0,0,0.0,0.0,0,0.0,0.0,0,0.0,0.0,CLE,4
Eli Raridon,NWE,TE,2,0,0.0,0,0.0,0.0,0.0,0,0.0,0.0,0,0.0,0.0,0,0.0,0.0,2,0.0,2,1.0,0.0,0.05405405405405406,32,19.79898987322333,0.08290155440414508,1,0.7071067811865476,1.0,0,0.0,0.0,0,0.0,0.0,0,0.0,0.0,BUF,4
Elic Ayomanor,TEN,WR,3,0,0.0,0,0.0,0.0,0.0,0,0.0,0.0,0,0.0,0.0,0,0.0,0.0,9,0.0,4,0.4444444444444444,0.5773502691896257,0.07272727272727272,91,33.4863156129983,0.18055555555555555,1,0.5773502691896258,0.5,0,0.0,0.0,0,0.0,0.0,0,0.0,0.0,BAL,4
Elijah Arroyo,SEA,TE,3,0,0.0,0,0.0,0.0,0.0,0,0.0,0.0,0,0.0,0.0,0,0.0,0.0,1,0.5773502691896258,1,1.0,0.5773502691896258,0.014705882352941176,17,9.814954576223638,0.020531400966183576,0,0.0,0.0,0,0.0,0.0,0,0.0,0.0,0,0.0,0.0,LAC,4
Elijah Higgins,ARI,TE,3,0,0.0,0,0.0,0.0,0.0,0,0.0,0.0,0,0.0,0.0,0,0.0,0.0,3,1.7320508075688772,3,1.0,1.7320508075688772,0.036585365853658534,20,11.547005383792515,0.03067484662576687,0,0.0,0.0,0,0.0,0.0,0,0.0,0.0,0,0.0,0.0,NYG,4
Elijah Moore,PHI,WR,1,0,0,0,0.0,0,0.0,0,0,0.0,0,0,0.0,0,0,0.0,0,0,0,0.0,0,0.0,0,0,0.0,0,0,0.0,0,0,0.0,0,0,0.0,0,0,0.0,LAR,4
Emanuel Wilson,SEA,RB,3,0,0.0,0,0.0,0.0,0.0,0,0.0,0.0,0,0.0,0.0,0,0.0,0.0,1,0.5773502691896258,0,0.0,0.0,0.0,0,0.0,0.0,0,0.0,0.0,32,9.60902353693305,0.4,109,48.52147290976783,0.35973597359735976,0,0.0,0.0,LAC,4
Emari Demercado,DAL,RB,2,0,0.0,0,0.0,0.0,0.0,0,0.0,0.0,0,0.0,0.0,0,0.0,0.0,0,0.0,0,0.0,0.0,0.0,0,0.0,0.0,0,0.0,0.0,5,0.7071067811865476,0.1282051282051282,15,0.7071067811865476,0.1111111111111111,0,0.0,0.0,HOU,4
Emeka Egbuka,TAM,WR,3,0,0.0,0,0.0,0.0,0.0,0,0.0,0.0,0,0.0,0.0,0,0.0,0.0,20,2.0816659994661326,13,0.65,1.1547005383792517,0.21311475409836064,141,26.851443164195103,0.22926829268292684,1,0.5773502691896258,0.5,1,0.5773502691896258,0.015151515151515152,-3,1.7320508075688772,-0.01060070671378092,0,0.0,0.0,GNB,4
Emmett Johnson,KAN,RB,3,0,0.0,0,0.0,0.0,0.0,0,0.0,0.0,0,0.0,0.0,0,0.0,0.0,4,1.1547005383792517,4,1.0,1.1547005383792517,0.05970149253731343,64,22.03028218914441,0.07881773399014778,0,0.0,0.0,16,3.0550504633038935,0.17582417582417584,56,4.725815626252608,0.12253829321663019,0,0.0,0.0,LVR,4
Eric Saubert,SEA,TE,3,0,0.0,0,0.0,0.0,0.0,0,0.0,0.0,0,0.0,0.0,0,0.0,0.0,3,1.0,2,0.6666666666666666,0.5773502691896258,0.029411764705882353,3,11.532562594670797,0.0036231884057971015,1,0.5773502691896258,0.125,0,0.0,0.0,0,0.0,0.0,0,0.0,0.0,LAC,4
Erick All,CIN,TE,3,0,0.0,0,0.0,0.0,0.0,0,0.0,0.0,0,0.0,0.0,0,0.0,0.0,3,1.7320508075688772,2,0.6666666666666666,1.1547005383792517,0.0273972602739726,5,2.8867513459481287,0.006729475100942127,0,0.0,0.0,0,0.0,0.0,0,0.0,0.0,0,0.0,0.0,JAX,4
Evan Engram,DEN,TE,3,0,0.0,0,0.0,0.0,0.0,0,0.0,0.0,0,0.0,0.0,0,0.0,0.0,8,2.081665999466133,5,0.625,2.0816659994661326,0.08928571428571429,60,21.656407827707714,0.09917355371900827,1,0.5773502691896258,0.25,0,0.0,0.0,0,0.0,0.0,0,0.0,0.0,SFO,4
Feleipe Franks,CAR,TE,3,0,0.0,0,0.0,0.0,0.0,0,0.0,0.0,0,0.0,0.0,0,0.0,0.0,0,0.0,0,0.0,0.0,0.0,0,0.0,0.0,0,0.0,0.0,0,0.0,0.0,0,0.0,0.0,0,0.0,0.0,DET,4
Foster Moreau,HOU,TE,3,0,0.0,0,0.0,0.0,0.0,0,0.0,0.0,0,0.0,0.0,0,0.0,0.0,8,1.1547005383792515,6,0.75,0.0,0.08333333333333333,56,13.868429375143148,0.07052896725440806,1,0.5773502691896258,0.3333333333333333,0,0.0,0.0,0,0.0,0.0,0,0.0,0.0,DAL,4
Frank Gore Jr.,BUF,RB,2,0,0.0,0,0.0,0.0,0.0,0,0.0,0.0,0,0.0,0.0,0,0.0,0.0,0,0.0,0,0.0,0.0,0.0,0,0.0,0.0,0,0.0,0.0,1,0.7071067811865476,0.017543859649122806,3,2.1213203435596424,0.010380622837370242,0,0.0,0.0,NWE,4
Garrett Wilson,NYJ,WR,3,0,0.0,0,0.0,0.0,0.0,0,0.0,0.0,0,0.0,0.0,0,0.0,0.0,27,3.4641016151377544,21,0.7777777777777778,2.6457513110645907,0.2727272727272727,243,25.059928172283335,0.3103448275862069,2,0.5773502691896258,0.5,0,0.0,0.0,0,0.0,0.0,0,0.0,0.0,CHI,4
Gary Jennings Jr,LAC,WR,1,0,0,0,0.0,0,0.0,0,0,0.0,0,0,0.0,0,0,0.0,0,0,0,0.0,0,0.0,0,0,0.0,0,0,0.0,0,0,0.0,0,0,0.0,0,0,0.0,SEA,4
Gavin Bartholomew,MIN,TE,3,0,0.0,0,0.0,0.0,0.0,0,0.0,0.0,0,0.0,0.0,0,0.0,0.0,0,0.0,0,0.0,0.0,0.0,0,0.0,0.0,0,0.0,0.0,0,0.0,0.0,0,0.0,0.0,0,0.0,0.0,MIA,4
Geno Smith,NYJ,QB,3,102,8.888194417315589,77,0.7549019607843137,6.110100926607786,0.7549019607843137,783,54.36910887627275,1.0,4,1.5275252316519468,1.0,0,0.0,0.0,0,0.0,0,0.0,0.0,0.0,0,0.0,0.0,0,0.0,0.0,13,2.0816659994661326,0.15294117647058825,36,5.0,0.1299638989169675,0,0.0,0.0,CHI,4
George Holani,SEA,RB,3,0,0.0,0,0.0,0.0,0.0,0,0.0,0.0,0,0.0,0.0,0,0.0,0.0,7,2.3094010767585034,6,0.8571428571428571,2.6457513110645907,0.08823529411764706,50,27.15388247255507,0.06038647342995169,0,0.0,0.0,15,2.6457513110645907,0.1875,52,10.214368964029708,0.1716171617161716,0,0.0,0.0,LAC,4
George Kittle,SFO,TE,3,0,0.0,0,0.0,0.0,0.0,0,0.0,0.0,0,0.0,0.0,0,0.0,0.0,16,1.5275252316519465,12,0.75,2.0,0.2033898305084746,174,39.84971769034255,0.22109275730622618,3,1.0,0.3333333333333333,0,0.0,0.0,0,0.0,0.0,0,0.0,0.0,DEN,4
George Pickens,DAL,WR,3,0,0.0,0,0.0,0.0,0.0,0,0.0,0.0,0,0.0,0.0,0,0.0,0.0,25,2.5166114784235836,16,0.64,2.0816659994661326,0.2191780821917808,150,28.35489375751565,0.2054794520547945,0,0.0,0.0,0,0.0,0.0,0,0.0,0.0,0,0.0,0.0,HOU,4
Germie Bernard,PIT,WR,3,0,0.0,0,0.0,0.0,0.0,0,0.0,0.0,0,0.0,0.0,0,0.0,0.0,9,4.358898943540674,5,0.5555555555555556,2.0816659994661326,0.07575757575757576,49,17.61628034896508,0.07,0,0.0,0.0,0,0.0,0.0,0,0.0,0.0,0,0.0,0.0,CLE,4
Greg Dortch,BUF,WR,3,0,0.0,0,0.0,0.0,0.0,0,0.0,0.0,0,0.0,0.0,0,0.0,0.0,0,0.0,0,0.0,0.0,0.0,0,0.0,0.0,0,0.0,0.0,0,0.0,0.0,0,0.0,0.0,0,0.0,0.0,NWE,4
Greg Dulcich,MIA,TE,3,0,0.0,0,0.0,0.0,0.0,0,0.0,0.0,0,0.0,0.0,0,0.0,0.0,12,2.6457513110645907,9,0.75,1.7320508075688772,0.1836734693877551,90,21.656407827707714,0.14354066985645933,0,0.0,0.0,0,0.0,0.0,0,0.0,0.0,0,0.0,0.0,MIN,4
Gunnar Helm,TEN,TE,3,0,0.0,0,0.0,0.0,0.0,0,0.0,0.0,0,0.0,0.0,0,0.0,0.0,11,1.5275252316519468,8,0.7272727272727273,1.1547005383792515,0.14545454545454545,55,8.386497083606082,0.10912698412698413,0,0.0,0.0,0,0.0,0.0,0,0.0,0.0,0,0.0,0.0,BAL,4
Harold Fannin,CLE,TE,3,0,0.0,0,0.0,0.0,0.0,0,0.0,0.0,0,0.0,0.0,0,0.0,0.0,18,3.0,14,0.7777777777777778,2.516611478423583,0.24561403508771928,126,18.24828759089466,0.21465076660988075,2,1.1547005383792517,0.4,0,0.0,0.0,0,0.0,0.0,0,0.0,0.0,PIT,4
Hayden Rucci,LAC,TE,1,0,0,0,0.0,0,0.0,0,0,0.0,0,0,0.0,0,0,0.0,0,0,0,0.0,0,0.0,0,0,0.0,0,0,0.0,0,0,0.0,0,0,0.0,0,0,0.0,SEA,4
Hunter Henry,NWE,TE,3,0,0.0,0,0.0,0.0,0.0,0,0.0,0.0,0,0.0,0.0,0,0.0,0.0,10,1.5275252316519465,7,0.7,1.1547005383792515,0.12727272727272726,71,17.616280348965084,0.11251980982567353,0,0.0,0.0,0,0.0,0.0,0,0.0,0.0,0,0.0,0.0,BUF,4
Hunter Long,ARI,TE,3,0,0.0,0,0.0,0.0,0.0,0,0.0,0.0,0,0.0,0.0,0,0.0,0.0,1,0.5773502691896258,1,1.0,0.5773502691896258,0.012195121951219513,5,2.8867513459481287,0.007668711656441718,0,0.0,0.0,0,0.0,0.0,0,0.0,0.0,0,0.0,0.0,NYG,4
Hunter Luepke,DAL,FB,3,0,0.0,0,0.0,0.0,0.0,0,0.0,0.0,0,0.0,0.0,0,0.0,0.0,0,0.0,0,0.0,0.0,0.0,0,0.0,0.0,0,0.0,0.0,2,0.5773502691896258,0.028985507246376812,8,3.785938897200183,0.028268551236749116,0,0.0,0.0,HOU,4
Ian Thomas,LVR,TE,3,0,0.0,0,0.0,0.0,0.0,0,0.0,0.0,0,0.0,0.0,0,0.0,0.0,1,0.5773502691896258,1,1.0,0.5773502691896258,0.016129032258064516,11,6.3508529610858835,0.01664145234493192,0,0.0,0.0,0,0.0,0.0,0,0.0,0.0,0,0.0,0.0,KAN,4
Isaac TeSlaa,DET,WR,3,0,0.0,0,0.0,0.0,0.0,0,0.0,0.0,0,0.0,0.0,0,0.0,0.0,9,2.0,5,0.5555555555555556,1.5275252316519468,0.06493506493506493,92,33.24655370611115,0.11471321695760599,0,0.0,0.0,0,0.0,0.0,0,0.0,0.0,0,0.0,0.0,CAR,4
Isaiah Bond,CLE,WR,3,0,0.0,0,0.0,0.0,0.0,0,0.0,0.0,0,0.0,0.0,0,0.0,0.0,1,0.5773502691896258,1,1.0,0.5773502691896258,0.017543859649122806,10,5.773502691896257,0.017035775127768313,0,0.0,0.0,0,0.0,0.0,0,0.0,0.0,0,0.0,0.0,PIT,4
Isaiah Davis,NYJ,RB,3,0,0.0,0,0.0,0.0,0.0,0,0.0,0.0,0,0.0,0.0,0,0.0,0.0,0,0.0,0,0.0,0.0,0.0,0,0.0,0.0,0,0.0,0.0,0,0.0,0.0,0,0.0,0.0,0,0.0,0.0,CHI,4
Isaiah Likely,NYG,TE,3,0,0.0,0,0.0,0.0,0.0,0,0.0,0.0,0,0.0,0.0,0,0.0,0.0,23,2.516611478423583,15,0.6521739130434783,3.0,0.29411764705882354,124,33.291640592396966,0.2588726513569937,2,1.1547005383792517,0.6666666666666666,0,0.0,0.0,0,0.0,0.0,0,0.0,0.0,ARI,4
Isaiah Williams,NYJ,WR,3,0,0.0,0,0.0,0.0,0.0,0,0.0,0.0,0,0.0,0.0,0,0.0,0.0,9,2.6457513110645907,8,0.8888888888888888,2.886751345948129,0.1038961038961039,62,13.503086067019394,0.07918263090676884,0,0.0,0.0,1,0.5773502691896258,0.011764705882352941,14,8.082903768654761,0.05054151624548736,0,0.0,0.0,CHI,4
J. Michael Sturdivant,GNB,WR,2,0,0.0,0,0.0,0.0,0.0,0,0.0,0.0,0,0.0,0.0,0,0.0,0.0,3,2.1213203435596424,3,1.0,2.1213203435596424,0.06818181818181818,22,15.556349186104045,0.04814004376367615,0,0.0,0.0,0,0.0,0.0,0,0.0,0.0,0,0.0,0.0,TAM,4
J.K. Dobbins,DEN,RB,3,0,0.0,0,0.0,0.0,0.0,0,0.0,0.0,0,0.0,0.0,0,0.0,0.0,2,1.1547005383792517,1,0.5,0.5773502691896258,0.017857142857142856,4,2.3094010767585034,0.006611570247933884,0,0.0,0.0,35,4.725815626252608,0.5147058823529411,121,7.505553499465135,0.49794238683127573,0,0.0,0.0,SFO,4
Ja'Kobi Lane,BAL,WR,1,0,0,0,0.0,0,0.0,0,0,0.0,0,0,0.0,0,0,0.0,3,0,1,0.3333333333333333,0,0.058823529411764705,11,0,0.033950617283950615,0,0,0.0,0,0,0.0,0,0,0.0,0,0,0.0,TEN,4
Ja'Marr Chase,CIN,WR,3,0,0.0,0,0.0,0.0,0.0,0,0.0,0.0,0,0.0,0.0,0,0.0,0.0,25,4.041451884327381,18,0.72,3.605551275463989,0.2465753424657534,185,44.523402086243735,0.2489905787348587,3,1.0,0.5,0,0.0,0.0,0,0.0,0.0,0,0.0,0.0,JAX,4
Jack Bech,LVR,WR,3,0,0.0,0,0.0,0.0,0.0,0,0.0,0.0,0,0.0,0.0,0,0.0,0.0,6,2.0,5,0.8333333333333334,1.5275252316519468,0.08064516129032258,48,13.892443989449804,0.07261724659606657,1,0.5773502691896258,0.0,0,0.0,0.0,0,0.0,0.0,0,0.0,0.0,KAN,4
Jack Endries,CIN,TE,1,0,0,0,0.0,0,0.0,0,0,0.0,0,0,0.0,0,0,0.0,0,0,0,0.0,0,0.0,0,0,0.0,0,0,0.0,0,0,0.0,0,0,0.0,0,0,0.0,JAX,4
Jack Strand,ATL,QB,1,15,0,8,0.5333333333333333,0,0.25,59,0,0.4068965517241379,0,0,0.0,1,0,0.3333333333333333,0,0,0,0.0,0,0.0,0,0,0.0,0,0,0.0,2,0,0.0625,16,0,0.10191082802547771,0,0,0.0,NOR,4
Jackson Hawes,BUF,TE,3,0,0.0,0,0.0,0.0,0.0,0,0.0,0.0,0,0.0,0.0,0,0.0,0.0,1,0.5773502691896258,0,0.0,0.0,0.0,0,0.0,0.0,0,0.0,0.0,0,0.0,0.0,0,0.0,0.0,0,0.0,0.0,NWE,4
Jackson Meeks,DET,TE,3,0,0.0,0,0.0,0.0,0.0,0,0.0,0.0,0,0.0,0.0,0,0.0,0.0,1,0.5773502691896258,1,1.0,0.5773502691896258,0.012987012987012988,8,4.618802153517007,0.00997506234413965,0,0.0,0.0,0,0.0,0.0,0,0.0,0.0,0,0.0,0.0,CAR,4
Jacob Cowing,SFO,WR,3,0,0.0,0,0.0,0.0,0.0,0,0.0,0.0,0,0.0,0.0,0,0.0,0.0,2,1.1547005383792517,0,0.0,0.0,0.0,0,0.0,0.0,0,0.0,0.0,0,0.0,0.0,0,0.0,0.0,0,0.0,0.0,DEN,4
Jacob Saylors,DET,RB,3,0,0.0,0,0.0,0.0,0.0,0,0.0,0.0,0,0.0,0.0,0,0.0,0.0,0,0.0,0,0.0,0.0,0.0,0,0.0,0.0,0,0.0,0.0,0,0.0,0.0,0,0.0,0.0,0,0.0,0.0,CAR,4
Jacoby Brissett,ARI,QB,3,117,12.12435565298214,82,0.7008547008547008,10.503967504392488,0.7008547008547008,652,105.9543927042826,1.0,4,0.5773502691896257,1.0,1,0.5773502691896258,0.0,0,0.0,0,0.0,0.0,0.0,0,0.0,0.0,0,0.0,0.0,11,2.5166114784235836,0.14102564102564102,25,5.131601439446884,0.08960573476702509,1,0.5773502691896258,0.5,NYG,4
Jacory Croskey-Merritt,WSH,RB,3,0,0.0,0,0.0,0.0,0.0,0,0.0,0.0,0,0.0,0.0,0,0.0,0.0,3,0.0,3,1.0,0.0,0.05,5,7.571877794400365,0.009025270758122744,0,0.0,0.0,47,3.511884584284246,0.4895833333333333,142,14.0118997046558,0.35858585858585856,1,0.5773502691896258,1.0,IND,4
Jadarian Price,SEA,RB,3,0,0.0,0,0.0,0.0,0.0,0,0.0,0.0,0,0.0,0.0,0,0.0,0.0,7,0.5773502691896258,4,0.5714285714285714,0.5773502691896257,0.058823529411764705,21,1.0,0.025362318840579712,0,0.0,0.0,28,4.041451884327381,0.35,119,21.361959960016154,0.3927392739273927,0,0.0,0.0,LAC,4
Jahan Dotson,ATL,WR,3,0,0.0,0,0.0,0.0,0.0,0,0.0,0.0,0,0.0,0.0,0,0.0,0.0,11,0.5773502691896258,4,0.36363636363636365,0.5773502691896257,0.08333333333333333,41,4.618802153517006,0.07536764705882353,0,0.0,0.0,0,0.0,0.0,0,0.0,0.0,0,0.0,0.0,NOR,4
Jahdae Walker,CHI,WR,3,0,0.0,0,0.0,0.0,0.0,0,0.0,0.0,0,0.0,0.0,0,0.0,0.0,1,0.5773502691896258,1,1.0,0.5773502691896258,0.015384615384615385,1,0.5773502691896258,0.0014124293785310734,1,0.5773502691896258,0.25,0,0.0,0.0,0,0.0,0.0,0,0.0,0.0,NYJ,4
Jahmyr Gibbs,DET,RB,3,0,0.0,0,0.0,0.0,0.0,0,0.0,0.0,0,0.0,0.0,0,0.0,0.0,21,1.7320508075688772,18,0.8571428571428571,1.0,0.23376623376623376,156,19.157244060668017,0.19451371571072318,2,0.5773502691896258,0.25,65,6.658328118479393,0.7831325301204819,307,52.080066564217574,0.8480662983425414,4,1.1547005383792517,1.0,CAR,4
Jake Briningstool,KAN,TE,3,0,0.0,0,0.0,0.0,0.0,0,0.0,0.0,0,0.0,0.0,0,0.0,0.0,2,0.5773502691896258,1,0.5,0.5773502691896258,0.014925373134328358,9,5.196152422706632,0.011083743842364532,0,0.0,0.0,0,0.0,0.0,0,0.0,0.0,0,0.0,0.0,LVR,4
Jake Ferguson,DAL,TE,3,0,0.0,0,0.0,0.0,0.0,0,0.0,0.0,0,0.0,0.0,0,0.0,0.0,11,1.5275252316519465,9,0.8181818181818182,1.0,0.1232876712328767,72,18.520259177452136,0.09863013698630137,3,1.0,0.42857142857142855,0,0.0,0.0,0,0.0,0.0,0,0.0,0.0,HOU,4
Jake Tonges,SFO,TE,1,0,0,0,0.0,0,0.0,0,0,0.0,0,0,0.0,0,0,0.0,0,0,0,0.0,0,0.0,0,0,0.0,0,0,0.0,0,0,0.0,0,0,0.0,0,0,0.0,DEN,4
Jakobi Meyers,JAX,WR,3,0,0.0,0,0.0,0.0,0.0,0,0.0,0.0,0,0.0,0.0,0,0.0,0.0,11,3.785938897200183,10,0.9090909090909091,3.214550253664318,0.18518518518518517,132,18.33030277982336,0.21428571428571427,2,0.5773502691896258,0.2857142857142857,1,0.5773502691896258,0.011627906976744186,2,1.1547005383792517,0.00558659217877095,0,0.0,0.0,CIN,4
Jaleel McLaughlin,CLE,RB,2,0,0.0,0,0.0,0.0,0.0,0,0.0,0.0,0,0.0,0.0,0,0.0,0.0,1,0.7071067811865476,0,0.0,0.0,0.0,0,0.0,0.0,0,0.0,0.0,1,0.7071067811865476,0.018867924528301886,3,2.1213203435596424,0.017045454545454544,0,0.0,0.0,PIT,4
Jalen Brooks,ARI,WR,3,0,0.0,0,0.0,0.0,0.0,0,0.0,0.0,0,0.0,0.0,0,0.0,0.0,1,0.5773502691896258,0,0.0,0.0,0.0,0,0.0,0.0,0,0.0,0.0,0,0.0,0.0,0,0.0,0.0,0,0.0,0.0,NYG,4
Jalen Coker,CAR,WR,3,0,0.0,0,0.0,0.0,0.0,0,0.0,0.0,0,0.0,0.0,0,0.0,0.0,22,2.8867513459481287,18,0.8181818181818182,3.4641016151377544,0.25,222,60.398675482166,0.2364217252396166,2,1.1547005383792517,0.2857142857142857,0,0.0,0.0,0,0.0,0.0,0,0.0,0.0,DET,4
Jalen Hurts,PHI,QB,3,87,6.928203230275509,56,0.6436781609195402,6.429100507328636,0.6363636363636364,620,55.590766619406615,1.0,5,1.5275252316519468,1.0,3,1.0,0.75,0,0.0,0,0.0,0.0,0.0,0,0.0,0.0,0,0.0,0.0,16,1.5275252316519465,0.21052631578947367,87,15.394804318340652,0.2620481927710843,1,0.5773502691896258,0.5,LAR,4
Jalen McMillan,TAM,WR,2,0,0.0,0,0.0,0.0,0.0,0,0.0,0.0,0,0.0,0.0,0,0.0,0.0,1,0.7071067811865476,0,0.0,0.0,0.0,0,0.0,0.0,0,0.0,0.0,0,0.0,0.0,0,0.0,0.0,0,0.0,0.0,GNB,4
Jalen Moreno-Cropper,NOR,WR,1,0,0,0,0.0,0,0.0,0,0,0.0,0,0,0.0,0,0,0.0,0,0,0,0.0,0,0.0,0,0,0.0,0,0,0.0,0,0,0.0,0,0,0.0,0,0,0.0,ATL,4
Jalen Nailor,LVR,WR,3,0,0.0,0,0.0,0.0,0.0,0,0.0,0.0,0,0.0,0.0,0,0.0,0.0,11,1.1547005383792515,5,0.45454545454545453,1.1547005383792517,0.08064516129032258,52,9.073771725877467,0.07866868381240545,0,0.0,0.0,0,0.0,0.0,0,0.0,0.0,0,0.0,0.0,KAN,4
Jalen Royals,KAN,WR,3,0,0.0,0,0.0,0.0,0.0,0,0.0,0.0,0,0.0,0.0,0,0.0,0.0,3,1.0,3,1.0,1.0,0.04477611940298507,17,5.507570547286102,0.020935960591133004,1,0.5773502691896258,0.14285714285714285,0,0.0,0.0,0,0.0,0.0,0,0.0,0.0,LVR,4
Jalen Tolbert,MIA,WR,1,0,0,0,0.0,0,0.0,0,0,0.0,0,0,0.0,0,0,0.0,0,0,0,0.0,0,0.0,0,0,0.0,0,0,0.0,0,0,0.0,0,0,0.0,0,0,0.0,MIN,4
Jalon Daniels,TAM,QB,1,3,0,0,0.0,0,0.0,0,0,0.0,0,0,0.0,1,0,0.5,0,0,0,0.0,0,0.0,0,0,0.0,0,0,0.0,1,0,0.047619047619047616,9,0,0.15789473684210525,0,0,0.0,GNB,4
Jamaal Pritchett,NYJ,WR,1,0,0,0,0.0,0,0.0,0,0,0.0,0,0,0.0,0,0,0.0,0,0,0,0.0,0,0.0,0,0,0.0,0,0,0.0,0,0,0.0,0,0,0.0,0,0,0.0,CHI,4
Jameis Winston,NYG,QB,2,49,3.5355339059327378,25,0.5102040816326531,2.1213203435596424,0.46296296296296297,229,4.949747468305833,0.9196787148594378,0,0.0,0.0,1,0.7071067811865476,1.0,0,0.0,0,0.0,0.0,0.0,0,0.0,0.0,0,0.0,0.0,4,0.0,0.07407407407407407,15,9.192388155425117,0.07894736842105263,0,0.0,0.0,ARI,4
James Cook,BUF,RB,3,0,0.0,0,0.0,0.0,0.0,0,0.0,0.0,0,0.0,0.0,0,0.0,0.0,8,1.5275252316519465,4,0.5,1.5275252316519468,0.07142857142857142,16,6.110100926607787,0.020356234096692113,0,0.0,0.0,58,5.686240703077327,0.6444444444444445,346,51.403631518924165,0.7440860215053764,2,0.5773502691896258,0.25,NWE,4
Jameson Williams,DET,WR,3,0,0.0,0,0.0,0.0,0.0,0,0.0,0.0,0,0.0,0.0,0,0.0,0.0,17,2.8867513459481287,10,0.5882352941176471,1.1547005383792515,0.12987012987012986,127,8.326663997864532,0.15835411471321695,0,0.0,0.0,0,0.0,0.0,0,0.0,0.0,0,0.0,0.0,CAR,4
Jared Goff,DET,QB,3,109,3.7859388972001824,77,0.7064220183486238,0.5773502691896258,0.7064220183486238,802,60.51721518157733,1.0,8,1.1547005383792515,1.0,0,0.0,0.0,0,0.0,0,0.0,0.0,0.0,0,0.0,0.0,0,0.0,0.0,9,1.0,0.10843373493975904,15,2.6457513110645907,0.04143646408839779,0,0.0,0.0,CAR,4
Jared Wayne,HOU,WR,3,0,0.0,0,0.0,0.0,0.0,0,0.0,0.0,0,0.0,0.0,0,0.0,0.0,12,3.0,4,0.3333333333333333,0.5773502691896257,0.05555555555555555,65,10.598742063723098,0.0818639798488665,0,0.0,0.0,0,0.0,0.0,0,0.0,0.0,0,0.0,0.0,DAL,4
Jauan Jennings,MIN,WR,2,0,0.0,0,0.0,0.0,0.0,0,0.0,0.0,0,0.0,0.0,0,0.0,0.0,3,0.7071067811865476,1,0.3333333333333333,0.7071067811865476,0.03333333333333333,1,0.7071067811865476,0.003134796238244514,0,0.0,0.0,0,0.0,0.0,0,0.0,0.0,0,0.0,0.0,MIA,4
Javonte Williams,DAL,RB,3,0,0.0,0,0.0,0.0,0.0,0,0.0,0.0,0,0.0,0.0,0,0.0,0.0,12,1.0,10,0.8333333333333334,1.5275252316519465,0.136986301369863,56,13.051181300301261,0.07671232876712329,1,0.5773502691896258,0.14285714285714285,43,4.041451884327381,0.6231884057971014,169,36.50114153466071,0.5971731448763251,2,0.5773502691896258,0.6666666666666666,HOU,4
Jaxon Smith-Njigba,SEA,WR,3,1,0.5773502691896258,1,1.0,0.5773502691896258,0.010416666666666666,14,8.082903768654761,0.016908212560386472,0,0.0,0.0,0,0.0,0.0,36,1.7320508075688772,27,0.75,1.0,0.39705882352941174,405,17.578395831246947,0.4891304347826087,6,1.0,0.75,0,0.0,0.0,0,0.0,0.0,0,0.0,0.0,LAC,4
Jaxson Dart,NYG,QB,2,34,16.97056274847714,26,0.7647058823529411,14.142135623730951,0.4262295081967213,250,148.49242404917499,0.6925207756232687,3,2.1213203435596424,1.0,0,0.0,0.0,0,0.0,0,0.0,0.0,0.0,0,0.0,0.0,0,0.0,0.0,11,7.7781745930520225,0.1896551724137931,54,38.18376618407357,0.2488479262672811,0,0.0,0.0,ARI,4
Jayden Daniels,WSH,QB,2,51,12.020815280171307,29,0.5686274509803921,4.949747468305833,0.42028985507246375,260,48.08326112068523,0.7008086253369272,3,0.7071067811865476,0.75,0,0.0,0.0,0,0.0,0,0.0,0.0,0.0,0,0.0,0.0,0,0.0,0.0,12,1.4142135623730951,0.1875,100,26.870057685088806,0.3184713375796178,0,0.0,0.0,IND,4
Jayden Reed,GNB,WR,2,0,0.0,0,0.0,0.0,0.0,0,0.0,0.0,0,0.0,0.0,0,0.0,0.0,8,4.242640687119285,4,0.5,1.4142135623730951,0.10810810810810811,24,11.313708498984761,0.045112781954887216,0,0.0,0.0,0,0.0,0.0,0,0.0,0.0,0,0.0,0.0,TAM,4
Jaylen Waddle,DEN,WR,3,0,0.0,0,0.0,0.0,0.0,0,0.0,0.0,0,0.0,0.0,0,0.0,0.0,20,3.5118845842842465,11,0.55,3.785938897200183,0.19642857142857142,150,76.31513611335565,0.24793388429752067,0,0.0,0.0,1,0.5773502691896258,0.014705882352941176,14,8.082903768654761,0.05761316872427984,0,0.0,0.0,SFO,4
Jaylen Warren,PIT,RB,3,0,0.0,0,0.0,0.0,0.0,0,0.0,0.0,0,0.0,0.0,0,0.0,0.0,14,1.1547005383792517,10,0.7142857142857143,1.5275252316519468,0.15151515151515152,110,11.239810200058244,0.15714285714285714,0,0.0,0.0,38,3.7859388972001824,0.5671641791044776,216,47.65501022977542,0.7526132404181185,0,0.0,0.0,CLE,4
Jaylen Wright,MIA,RB,2,0,0.0,0,0.0,0.0,0.0,0,0.0,0.0,0,0.0,0.0,0,0.0,0.0,0,0.0,0,0.0,0.0,0.0,0,0.0,0.0,0,0.0,0.0,3,0.7071067811865476,0.06521739130434782,10,8.48528137423857,0.056818181818181816,0,0.0,0.0,MIN,4
Jaylin Lane,WSH,WR,3,0,0.0,0,0.0,0.0,0.0,0,0.0,0.0,0,0.0,0.0,0,0.0,0.0,2,0.5773502691896258,2,1.0,0.5773502691896258,0.03333333333333333,25,11.150485789118488,0.04512635379061372,0,0.0,0.0,0,0.0,0.0,0,0.0,0.0,0,0.0,0.0,IND,4
Jaylin Noel,HOU,WR,3,0,0.0,0,0.0,0.0,0.0,0,0.0,0.0,0,0.0,0.0,0,0.0,0.0,9,1.7320508075688772,5,0.5555555555555556,0.5773502691896257,0.06944444444444445,101,18.147543451754935,0.12720403022670027,0,0.0,0.0,2,0.5773502691896258,0.028169014084507043,21,6.557438524302,0.08267716535433071,0,0.0,0.0,DAL,4
Jelani Woods,NYJ,TE,3,0,0.0,0,0.0,0.0,0.0,0,0.0,0.0,0,0.0,0.0,0,0.0,0.0,1,0.5773502691896258,1,1.0,0.5773502691896258,0.012987012987012988,20,11.547005383792515,0.02554278416347382,0,0.0,0.0,0,0.0,0.0,0,0.0,0.0,0,0.0,0.0,CHI,4
Jeremiyah Love,ARI,RB,3,0,0.0,0,0.0,0.0,0.0,0,0.0,0.0,0,0.0,0.0,0,0.0,0.0,12,1.0,10,0.8333333333333334,1.5275252316519465,0.12195121951219512,44,5.131601439446884,0.06748466257668712,1,0.5773502691896258,0.25,41,6.429100507328636,0.5256410256410257,160,32.316146634976974,0.5734767025089605,1,0.5773502691896258,0.5,NYG,4
Jeremy Ruckert,NYJ,TE,3,0,0.0,0,0.0,0.0,0.0,0,0.0,0.0,0,0.0,0.0,0,0.0,0.0,8,2.081665999466133,8,1.0,2.081665999466133,0.1038961038961039,48,19.924858845171276,0.06130268199233716,1,0.5773502691896258,0.25,0,0.0,0.0,0,0.0,0.0,0,0.0,0.0,CHI,4
Jerry Jeudy,CLE,WR,3,0,0.0,0,0.0,0.0,0.0,0,0.0,0.0,0,0.0,0.0,0,0.0,0.0,5,2.0816659994661326,2,0.4,1.1547005383792517,0.03508771929824561,26,15.01110699893027,0.044293015332197615,0,0.0,0.0,0,0.0,0.0,0,0.0,0.0,0,0.0,0.0,PIT,4
Jimmy Horn,CAR,WR,1,0,0,0,0.0,0,0.0,0,0,0.0,0,0,0.0,0,0,0.0,1,0,0,0.0,0,0.0,0,0,0.0,0,0,0.0,0,0,0.0,0,0,0.0,0,0,0.0,DET,4
Joe Burrow,CIN,QB,3,103,3.055050463303893,73,0.7087378640776699,4.041451884327381,0.7087378640776699,743,37.89898855290644,1.0,6,1.0,1.0,1,0.5773502691896258,1.0,0,0.0,0,0.0,0.0,0.0,0,0.0,0.0,0,0.0,0.0,8,2.081665999466133,0.11764705882352941,32,10.692676621563628,0.11678832116788321,0,0.0,0.0,JAX,4
Joe Flacco,CIN,QB,1,0,0,0,0.0,0,0.0,0,0,0.0,0,0,0.0,0,0,0.0,0,0,0,0.0,0,0.0,0,0,0.0,0,0,0.0,0,0,0.0,0,0,0.0,0,0,0.0,JAX,4
John Bates,WSH,TE,3,0,0.0,0,0.0,0.0,0.0,0,0.0,0.0,0,0.0,0.0,0,0.0,0.0,4,1.5275252316519465,3,0.75,1.0,0.05,22,6.6583281184793925,0.039711191335740074,0,0.0,0.0,0,0.0,0.0,0,0.0,0.0,0,0.0,0.0,IND,4
John Metchie,CAR,WR,2,0,0.0,0,0.0,0.0,0.0,0,0.0,0.0,0,0.0,0.0,0,0.0,0.0,5,3.5355339059327378,2,0.4,1.4142135623730951,0.04081632653061224,19,13.435028842544403,0.0328719723183391,1,0.7071067811865476,0.25,0,0.0,0.0,0,0.0,0.0,0,0.0,0.0,DET,4
Johnny Mundt,PHI,TE,3,0,0.0,0,0.0,0.0,0.0,0,0.0,0.0,0,0.0,0.0,0,0.0,0.0,4,1.5275252316519465,3,0.75,1.0,0.05357142857142857,12,4.0,0.01935483870967742,0,0.0,0.0,0,0.0,0.0,0,0.0,0.0,0,0.0,0.0,LAR,4
Jonah Coleman,DEN,RB,2,0,0.0,0,0.0,0.0,0.0,0,0.0,0.0,0,0.0,0.0,0,0.0,0.0,3,2.1213203435596424,3,1.0,2.1213203435596424,0.07692307692307693,19,13.435028842544403,0.045346062052505964,0,0.0,0.0,10,7.0710678118654755,0.23255813953488372,39,27.577164466275352,0.23636363636363636,1,0.7071067811865476,1.0,SFO,4
Jonathan Mingo,DAL,WR,3,0,0.0,0,0.0,0.0,0.0,0,0.0,0.0,0,0.0,0.0,0,0.0,0.0,1,0.5773502691896258,1,1.0,0.5773502691896258,0.0136986301369863,10,5.773502691896257,0.0136986301369863,0,0.0,0.0,0,0.0,0.0,0,0.0,0.0,0,0.0,0.0,HOU,4
Jonathan Taylor,IND,RB,3,0,0.0,0,0.0,0.0,0.0,0,0.0,0.0,0,0.0,0.0,0,0.0,0.0,11,0.5773502691896258,9,0.8181818181818182,1.0,0.13846153846153847,67,18.0092568789868,0.10965630114566285,0,0.0,0.0,66,2.6457513110645907,0.7951807228915663,258,15.874507866387544,0.832258064516129,4,1.1547005383792517,1.0,WSH,4
Jonathon Brooks,CAR,RB,2,0,0.0,0,0.0,0.0,0.0,0,0.0,0.0,0,0.0,0.0,0,0.0,0.0,3,0.7071067811865476,2,0.6666666666666666,0.0,0.043478260869565216,43,37.476659402887016,0.06635802469135803,0,0.0,0.0,9,0.7071067811865476,0.20454545454545456,30,1.4142135623730951,0.15544041450777202,0,0.0,0.0,DET,4
Jonnu Smith,GNB,TE,3,0,0.0,0,0.0,0.0,0.0,0,0.0,0.0,0,0.0,0.0,0,0.0,0.0,6,1.7320508075688772,4,0.6666666666666666,1.1547005383792517,0.06153846153846154,66,25.534290669607408,0.07819905213270142,0,0.0,0.0,0,0.0,0.0,0,0.0,0.0,0,0.0,0.0,TAM,4
Jordan Addison,MIN,WR,3,0,0.0,0,0.0,0.0,0.0,0,0.0,0.0,0,0.0,0.0,0,0.0,0.0,16,3.511884584284246,7,0.4375,2.5166114784235836,0.17073170731707318,111,47.085029467974216,0.24025974025974026,1,0.5773502691896258,0.0,0,0.0,0.0,0,0.0,0.0,0,0.0,0.0,MIA,4
Jordan James,SFO,RB,2,0,0.0,0,0.0,0.0,0.0,0,0.0,0.0,0,0.0,0.0,0,0.0,0.0,0,0.0,0,0.0,0.0,0.0,0,0.0,0.0,0,0.0,0.0,4,2.8284271247461903,0.08,15,10.606601717798213,0.06382978723404255,0,0.0,0.0,DEN,4
Jordan Love,GNB,QB,3,124,12.013880860626733,65,0.5241935483870968,6.027713773341707,0.5241935483870968,844,123.88031858747108,1.0,6,0.0,1.0,2,0.5773502691896258,0.0,0,0.0,0,0.0,0.0,0.0,0,0.0,0.0,0,0.0,0.0,2,0.5773502691896258,0.041666666666666664,0,0.0,0.0,0,0.0,0.0,TAM,4
Jordan Mason,MIN,RB,1,0,0,0,0.0,0,0.0,0,0,0.0,0,0,0.0,0,0,0.0,0,0,0,0.0,0,0.0,0,0,0.0,0,0,0.0,15,0,0.4411764705882353,59,0,0.5514018691588785,1,0,0.5,MIA,4
Jordan Watkins,SFO,WR,1,0,0,0,0.0,0,0.0,0,0,0.0,0,0,0.0,0,0,0.0,2,0,2,1.0,0,0.13333333333333333,60,0,0.20202020202020202,0,0,0.0,0,0,0.0,0,0,0.0,0,0,0.0,DEN,4
Jordan Whittington,LAR,WR,2,0,0.0,0,0.0,0.0,0.0,0,0.0,0.0,0,0.0,0.0,0,0.0,0.0,1,0.7071067811865476,1,1.0,0.7071067811865476,0.02127659574468085,8,5.656854249492381,0.014336917562724014,0,0.0,0.0,0,0.0,0.0,0,0.0,0.0,0,0.0,0.0,PHI,4
Josh Allen,BUF,QB,3,86,2.5166114784235836,56,0.6511627906976745,2.3094010767585034,0.6511627906976745,786,66.12110101926616,1.0,5,1.5275252316519468,1.0,2,1.1547005383792517,1.0,1,0.5773502691896258,1,1.0,0.5773502691896258,0.017857142857142856,1,0.5773502691896258,0.001272264631043257,0,0.0,0.0,28,4.163331998932265,0.3111111111111111,114,26.851443164195103,0.24516129032258063,6,0.0,0.75,NWE,4
Josh Cameron,JAX,WR,3,0,0.0,0,0.0,0.0,0.0,0,0.0,0.0,0,0.0,0.0,0,0.0,0.0,4,1.1547005383792517,3,0.75,1.0,0.05555555555555555,32,10.066445913694334,0.05194805194805195,2,0.5773502691896258,0.2857142857142857,0,0.0,0.0,0,0.0,0.0,0,0.0,0.0,CIN,4
Josh Cuevas,BAL,TE,3,0,0.0,0,0.0,0.0,0.0,0,0.0,0.0,0,0.0,0.0,0,0.0,0.0,1,0.5773502691896258,1,1.0,0.5773502691896258,0.018867924528301886,14,8.082903768654761,0.01879194630872483,0,0.0,0.0,0,0.0,0.0,0,0.0,0.0,0,0.0,0.0,TEN,4
Josh Downs,IND,WR,3,0,0.0,0,0.0,0.0,0.0,0,0.0,0.0,0,0.0,0.0,0,0.0,0.0,24,3.605551275463989,14,0.5833333333333334,2.516611478423583,0.2153846153846154,186,21.79449471770337,0.3044189852700491,0,0.0,0.0,0,0.0,0.0,0,0.0,0.0,0,0.0,0.0,WSH,4
Josh Oliver,MIN,TE,3,0,0.0,0,0.0,0.0,0.0,0,0.0,0.0,0,0.0,0.0,0,0.0,0.0,5,2.0816659994661326,3,0.6,1.0,0.07317073170731707,46,13.316656236958787,0.09956709956709957,0,0.0,0.0,0,0.0,0.0,0,0.0,0.0,0,0.0,0.0,MIA,4
Josh Palmer,BUF,WR,3,0,0.0,0,0.0,0.0,0.0,0,0.0,0.0,0,0.0,0.0,0,0.0,0.0,5,1.5275252316519468,2,0.4,0.5773502691896258,0.03571428571428571,77,22.6789182575654,0.09796437659033079,2,0.5773502691896258,0.4,0,0.0,0.0,0,0.0,0.0,0,0.0,0.0,NWE,4
Josh Whyle,GNB,TE,3,0,0.0,0,0.0,0.0,0.0,0,0.0,0.0,0,0.0,0.0,0,0.0,0.0,0,0.0,0,0.0,0.0,0.0,0,0.0,0.0,0,0.0,0.0,0,0.0,0.0,0,0.0,0.0,0,0.0,0.0,TAM,4
Josh Williams,TAM,RB,1,0,0,0,0.0,0,0.0,0,0,0.0,0,0,0.0,0,0,0.0,0,0,0,0.0,0,0.0,0,0,0.0,0,0,0.0,0,0,0.0,0,0,0.0,0,0,0.0,GNB,4
Julius Chestnut,TEN,RB,3,0,0.0,0,0.0,0.0,0.0,0,0.0,0.0,0,0.0,0.0,0,0.0,0.0,0,0.0,0,0.0,0.0,0.0,0,0.0,0.0,0,0.0,0.0,0,0.0,0.0,0,0.0,0.0,0,0.0,0.0,BAL,4
Justice Hill,BAL,RB,3,0,0.0,0,0.0,0.0,0.0,0,0.0,0.0,0,0.0,0.0,0,0.0,0.0,3,1.0,3,1.0,1.0,0.05660377358490566,22,6.429100507328636,0.02953020134228188,0,0.0,0.0,13,2.0816659994661326,0.13402061855670103,57,13.527749258468683,0.11354581673306773,0,0.0,0.0,TEN,4
Justin Fields,KAN,QB,1,0,0,0,0.0,0,0.0,0,0,0.0,0,0,0.0,0,0,0.0,0,0,0,0.0,0,0.0,0,0,0.0,0,0,0.0,0,0,0.0,0,0,0.0,0,0,0.0,LVR,4
Justin Herbert,LAC,QB,3,88,4.041451884327381,52,0.5909090909090909,2.5166114784235836,0.5909090909090909,627,17.0,1.0,3,0.0,1.0,4,0.5773502691896257,1.0,0,0.0,0,0.0,0.0,0.0,0,0.0,0.0,0,0.0,0.0,12,1.0,0.14814814814814814,48,13.527749258468683,0.1415929203539823,0,0.0,0.0,SEA,4
Justin Jefferson,MIN,WR,3,0,0.0,0,0.0,0.0,0.0,0,0.0,0.0,0,0.0,0.0,0,0.0,0.0,17,3.511884584284246,13,0.7647058823529411,3.214550253664318,0.3170731707317073,179,30.2709982216202,0.3874458874458874,2,1.1547005383792517,0.5,0,0.0,0.0,0,0.0,0.0,0,0.0,0.0,MIA,4
Justin Joly,MIA,TE,1,0,0,0,0.0,0,0.0,0,0,0.0,0,0,0.0,0,0,0.0,0,0,0,0.0,0,0.0,0,0,0.0,0,0,0.0,0,0,0.0,0,0,0.0,0,0,0.0,MIN,4
Juwan Johnson,NOR,TE,3,0,0.0,0,0.0,0.0,0.0,0,0.0,0.0,0,0.0,0.0,0,0.0,0.0,19,2.0816659994661326,15,0.7894736842105263,2.6457513110645907,0.16483516483516483,173,7.234178138070235,0.18865866957470012,3,1.0,0.375,0,0.0,0.0,0,0.0,0.0,0,0.0,0.0,ATL,4
KC Concepcion,CLE,WR,3,0,0.0,0,0.0,0.0,0.0,0,0.0,0.0,0,0.0,0.0,0,0.0,0.0,20,2.0816659994661326,12,0.6,2.0,0.21052631578947367,80,17.03917055884274,0.1362862010221465,0,0.0,0.0,4,1.5275252316519468,0.05333333333333334,9,10.816653826391969,0.034220532319391636,0,0.0,0.0,PIT,4
KaVontae Turpin,DAL,WR,3,0,0.0,0,0.0,0.0,0.0,0,0.0,0.0,0,0.0,0.0,0,0.0,0.0,3,1.0,2,0.6666666666666666,0.5773502691896258,0.0273972602739726,17,4.932882862316247,0.023287671232876714,0,0.0,0.0,2,0.5773502691896258,0.028985507246376812,10,4.932882862316247,0.0353356890459364,1,0.5773502691896258,0.3333333333333333,HOU,4
Kaden Davis,CHI,WR,1,0,0,0,0.0,0,0.0,0,0,0.0,0,0,0.0,0,0,0.0,0,0,0,0.0,0,0.0,0,0,0.0,0,0,0.0,0,0,0.0,0,0,0.0,0,0,0.0,NYJ,4
Kaden Wetjen,PIT,WR,3,0,0.0,0,0.0,0.0,0.0,0,0.0,0.0,0,0.0,0.0,0,0.0,0.0,0,0.0,0,0.0,0.0,0.0,0,0.0,0.0,0,0.0,0.0,0,0.0,0.0,0,0.0,0.0,0,0.0,0.0,CLE,4
Kaelon Black,SFO,RB,3,0,0.0,0,0.0,0.0,0.0,0,0.0,0.0,0,0.0,0.0,0,0.0,0.0,2,0.5773502691896258,1,0.5,0.5773502691896258,0.01694915254237288,5,2.8867513459481287,0.0063532401524777635,0,0.0,0.0,25,5.131601439446884,0.3125,107,25.716402029314544,0.2616136919315403,0,0.0,0.0,DEN,4
Kaleb Johnson,GNB,RB,3,0,0.0,0,0.0,0.0,0.0,0,0.0,0.0,0,0.0,0.0,0,0.0,0.0,3,1.7320508075688772,1,0.3333333333333333,0.5773502691896258,0.015384615384615385,10,5.773502691896257,0.011848341232227487,0,0.0,0.0,12,4.0,0.25,38,17.009801096230767,0.2602739726027397,0,0.0,0.0,TAM,4
Kalif Raymond,CHI,WR,3,0,0.0,0,0.0,0.0,0.0,0,0.0,0.0,0,0.0,0.0,0,0.0,0.0,21,2.0,19,0.9047619047619048,1.5275252316519465,0.2923076923076923,214,27.300793639257694,0.3022598870056497,1,0.5773502691896258,0.25,0,0.0,0.0,0,0.0,0.0,0,0.0,0.0,NYJ,4
Kameron Johnson,TAM,WR,3,0,0.0,0,0.0,0.0,0.0,0,0.0,0.0,0,0.0,0.0,0,0.0,0.0,0,0.0,0,0.0,0.0,0.0,0,0.0,0.0,0,0.0,0.0,0,0.0,0.0,0,0.0,0.0,0,0.0,0.0,GNB,4
Kayshon Boutte,HOU,WR,3,0,0.0,0,0.0,0.0,0.0,0,0.0,0.0,0,0.0,0.0,0,0.0,0.0,9,1.7320508075688772,6,0.6666666666666666,1.0,0.08333333333333333,79,9.237604307034012,0.09949622166246852,0,0.0,0.0,0,0.0,0.0,0,0.0,0.0,0,0.0,0.0,DAL,4
Kaytron Allen,WSH,RB,3,0,0.0,0,0.0,0.0,0.0,0,0.0,0.0,0,0.0,0.0,0,0.0,0.0,0,0.0,0,0.0,0.0,0.0,0,0.0,0.0,0,0.0,0.0,9,2.6457513110645907,0.09375,40,12.220201853215574,0.10101010101010101,0,0.0,0.0,IND,4
Ke'Shawn Williams,CIN,WR,1,0,0,0,0.0,0,0.0,0,0,0.0,0,0,0.0,0,0,0.0,0,0,0,0.0,0,0.0,0,0,0.0,0,0,0.0,0,0,0.0,0,0,0.0,0,0,0.0,JAX,4
KeAndre Lambert-Smith,LAC,WR,1,0,0,0,0.0,0,0.0,0,0,0.0,0,0,0.0,0,0,0.0,0,0,0,0.0,0,0.0,0,0,0.0,0,0,0.0,0,0,0.0,0,0,0.0,0,0,0.0,SEA,4
Keaton Mitchell,LAC,RB,3,0,0.0,0,0.0,0.0,0.0,0,0.0,0.0,0,0.0,0.0,0,0.0,0.0,4,1.5275252316519468,4,1.0,1.5275252316519468,0.07692307692307693,10,10.408329997330663,0.01594896331738437,1,0.5773502691896258,0.3333333333333333,17,2.0816659994661326,0.20987654320987653,85,21.82506204649447,0.25073746312684364,0,0.0,0.0,SEA,4
Keenan Allen,IND,WR,3,0,0.0,0,0.0,0.0,0.0,0,0.0,0.0,0,0.0,0.0,0,0.0,0.0,20,2.0816659994661326,13,0.65,2.8867513459481287,0.2,100,29.022979401386987,0.16366612111292964,1,0.5773502691896258,0.3333333333333333,0,0.0,0.0,0,0.0,0.0,0,0.0,0.0,WSH,4
Keleki Latu,BUF,TE,3,0,0.0,0,0.0,0.0,0.0,0,0.0,0.0,0,0.0,0.0,0,0.0,0.0,0,0.0,0,0.0,0.0,0.0,0,0.0,0.0,0,0.0,0.0,0,0.0,0.0,0,0.0,0.0,0,0.0,0.0,NWE,4
Kendre Miller,NOR,RB,2,0,0.0,0,0.0,0.0,0.0,0,0.0,0.0,0,0.0,0.0,0,0.0,0.0,3,2.1213203435596424,2,0.6666666666666666,1.4142135623730951,0.03125,5,3.5355339059327378,0.007518796992481203,0,0.0,0.0,13,3.5355339059327378,0.24528301886792453,44,11.313708498984761,0.18410041841004185,1,0.7071067811865476,1.0,ATL,4
Kendrick Bourne,ARI,WR,3,0,0.0,0,0.0,0.0,0.0,0,0.0,0.0,0,0.0,0.0,0,0.0,0.0,14,2.8867513459481287,12,0.8571428571428571,3.4641016151377544,0.14634146341463414,108,34.219877264537345,0.1656441717791411,0,0.0,0.0,0,0.0,0.0,0,0.0,0.0,0,0.0,0.0,NYG,4
Kenneth Gainwell,TAM,RB,3,0,0.0,0,0.0,0.0,0.0,0,0.0,0.0,0,0.0,0.0,0,0.0,0.0,10,2.081665999466133,6,0.6,1.0,0.09836065573770492,22,5.8594652770823155,0.03577235772357724,0,0.0,0.0,10,1.5275252316519468,0.15151515151515152,21,9.848857801796104,0.07420494699646643,0,0.0,0.0,GNB,4
Kenneth Walker III,KAN,RB,3,0,0.0,0,0.0,0.0,0.0,0,0.0,0.0,0,0.0,0.0,0,0.0,0.0,18,4.0,11,0.6111111111111112,2.081665999466133,0.16417910447761194,82,30.105370506494907,0.10098522167487685,2,0.5773502691896258,0.2857142857142857,65,3.2145502536643185,0.7142857142857143,360,51.56549233741495,0.787746170678337,2,0.5773502691896258,0.6666666666666666,LVR,4
Kenny Pickett,CAR,QB,2,1,0.7071067811865476,0,0.0,0.0,0.0,0,0.0,0.0,0,0.0,0.0,0,0.0,0.0,0,0.0,0,0.0,0.0,0.0,0,0.0,0.0,0,0.0,0.0,2,0.0,0.045454545454545456,20,19.79898987322333,0.10362694300518134,0,0.0,0.0,DET,4
Kenyon Sadiq,NYJ,TE,3,0,0.0,0,0.0,0.0,0.0,0,0.0,0.0,0,0.0,0.0,0,0.0,0.0,14,2.8867513459481287,12,0.8571428571428571,2.6457513110645907,0.15584415584415584,143,49.69238707622459,0.1826309067688378,1,0.5773502691896258,0.25,1,0.5773502691896258,0.011764705882352941,3,1.7320508075688772,0.010830324909747292,1,0.5773502691896258,0.3333333333333333,CHI,4
Keon Coleman,BUF,WR,3,0,0.0,0,0.0,0.0,0.0,0,0.0,0.0,0,0.0,0.0,0,0.0,0.0,9,2.6457513110645907,8,0.8888888888888888,2.886751345948129,0.14285714285714285,101,31.13411847689498,0.12849872773536897,0,0.0,0.0,0,0.0,0.0,0,0.0,0.0,0,0.0,0.0,NWE,4
Kevin Austin,NOR,WR,3,0,0.0,0,0.0,0.0,0.0,0,0.0,0.0,0,0.0,0.0,0,0.0,0.0,1,0.5773502691896258,1,1.0,0.5773502691896258,0.01098901098901099,7,4.041451884327381,0.007633587786259542,0,0.0,0.0,0,0.0,0.0,0,0.0,0.0,0,0.0,0.0,ATL,4
Kevin Coleman,MIA,WR,3,0,0.0,0,0.0,0.0,0.0,0,0.0,0.0,0,0.0,0.0,0,0.0,0.0,6,2.0,1,0.16666666666666666,0.5773502691896258,0.02040816326530612,3,1.7320508075688772,0.004784688995215311,0,0.0,0.0,0,0.0,0.0,0,0.0,0.0,0,0.0,0.0,MIN,4
KhaDarel Hodge,SFO,WR,3,0,0.0,0,0.0,0.0,0.0,0,0.0,0.0,0,0.0,0.0,0,0.0,0.0,1,0.5773502691896258,1,1.0,0.5773502691896258,0.01694915254237288,18,10.392304845413264,0.022871664548919948,0,0.0,0.0,0,0.0,0.0,0,0.0,0.0,0,0.0,0.0,DEN,4
Khalil Shakir,BUF,WR,3,0,0.0,0,0.0,0.0,0.0,0,0.0,0.0,0,0.0,0.0,0,0.0,0.0,15,1.7320508075688772,8,0.5333333333333333,1.5275252316519465,0.14285714285714285,94,22.744962812309307,0.11959287531806616,0,0.0,0.0,0,0.0,0.0,0,0.0,0.0,0,0.0,0.0,NWE,4
Kimani Vidal,LAC,RB,3,0,0.0,0,0.0,0.0,0.0,0,0.0,0.0,0,0.0,0.0,0,0.0,0.0,3,1.7320508075688772,1,0.3333333333333333,0.5773502691896258,0.019230769230769232,14,8.082903768654761,0.022328548644338118,0,0.0,0.0,1,0.5773502691896258,0.012345679012345678,6,3.4641016151377544,0.017699115044247787,0,0.0,0.0,SEA,4
Kirk Cousins,LVR,QB,3,92,2.081665999466133,62,0.6739130434782609,1.5275252316519465,0.6739130434782609,661,52.30997355508157,1.0,9,0.0,1.0,3,1.0,1.0,0,0.0,0,0.0,0.0,0.0,0,0.0,0.0,0,0.0,0.0,12,1.0,0.12903225806451613,-2,4.725815626252608,-0.006666666666666667,0,0.0,0.0,KAN,4
Ko Kieft,TAM,TE,3,0,0.0,0,0.0,0.0,0.0,0,0.0,0.0,0,0.0,0.0,0,0.0,0.0,0,0.0,0,0.0,0.0,0.0,0,0.0,0.0,0,0.0,0.0,0,0.0,0.0,0,0.0,0.0,0,0.0,0.0,GNB,4
Kolbe Katsis,DEN,WR,1,0,0,0,0.0,0,0.0,0,0,0.0,0,0,0.0,0,0,0.0,0,0,0,0.0,0,0.0,0,0,0.0,0,0,0.0,0,0,0.0,0,0,0.0,0,0,0.0,SFO,4
Konata Mumpfield,LAR,WR,3,0,0.0,0,0.0,0.0,0.0,0,0.0,0.0,0,0.0,0.0,0,0.0,0.0,11,3.785938897200183,5,0.45454545454545453,2.0816659994661326,0.07246376811594203,105,50.586559479766954,0.11864406779661017,1,0.5773502691896258,0.16666666666666666,0,0.0,0.0,0,0.0,0.0,0,0.0,0.0,PHI,4
Kyle Juszczyk,SFO,FB,3,0,0.0,0,0.0,0.0,0.0,0,0.0,0.0,0,0.0,0.0,0,0.0,0.0,4,1.1547005383792517,2,0.5,1.1547005383792517,0.03389830508474576,27,15.588457268119896,0.03430749682337993,1,0.5773502691896258,0.1111111111111111,0,0.0,0.0,0,0.0,0.0,0,0.0,0.0,DEN,4
Kyle Monangai,CHI,RB,3,0,0.0,0,0.0,0.0,0.0,0,0.0,0.0,0,0.0,0.0,0,0.0,0.0,4,1.1547005383792517,4,1.0,1.1547005383792517,0.06153846153846154,35,12.013880860626733,0.04943502824858757,0,0.0,0.0,30,0.0,0.2857142857142857,178,36.11555528208494,0.321880650994575,1,0.5773502691896258,0.14285714285714285,NYJ,4
Kyle Pitts,ATL,TE,3,0,0.0,0,0.0,0.0,0.0,0,0.0,0.0,0,0.0,0.0,0,0.0,0.0,6,1.0,2,0.3333333333333333,0.5773502691896258,0.041666666666666664,20,7.637626158259733,0.03676470588235294,0,0.0,0.0,0,0.0,0.0,0,0.0,0.0,0,0.0,0.0,NOR,4
Kyle Williams,NWE,WR,3,0,0.0,0,0.0,0.0,0.0,0,0.0,0.0,0,0.0,0.0,0,0.0,0.0,5,1.5275252316519468,2,0.4,0.5773502691896258,0.03636363636363636,44,17.47378989610821,0.06973058637083994,0,0.0,0.0,0,0.0,0.0,0,0.0,0.0,0,0.0,0.0,BUF,4
Kylen Granson,TEN,TE,1,0,0,0,0.0,0,0.0,0,0,0.0,0,0,0.0,0,0,0.0,0,0,0,0.0,0,0.0,0,0,0.0,0,0,0.0,0,0,0.0,0,0,0.0,0,0,0.0,BAL,4
Kyler Murray,MIN,QB,2,34,16.97056274847714,18,0.5294117647058824,8.48528137423857,0.33962264150943394,186,106.06601717798213,0.5830721003134797,1,0.7071067811865476,0.25,2,0.0,1.0,0,0.0,0,0.0,0.0,0.0,0,0.0,0.0,0,0.0,0.0,4,0.0,0.07017543859649122,26,5.656854249492381,0.14054054054054055,0,0.0,0.0,MIA,4
Kyren Williams,LAR,RB,3,0,0.0,0,0.0,0.0,0.0,0,0.0,0.0,0,0.0,0.0,0,0.0,0.0,12,2.6457513110645907,11,0.9166666666666666,2.081665999466133,0.15942028985507245,106,30.615900008546756,0.11977401129943503,1,0.5773502691896258,0.16666666666666666,38,2.081665999466133,0.475,214,26.312227829154512,0.5336658354114713,1,0.5773502691896258,0.0,PHI,4
LaJohntay Wester,BAL,WR,3,0,0.0,0,0.0,0.0,0.0,0,0.0,0.0,0,0.0,0.0,0,0.0,0.0,4,1.1547005383792517,3,0.75,1.0,0.05660377358490566,29,8.386497083606082,0.038926174496644296,0,0.0,0.0,0,0.0,0.0,0,0.0,0.0,0,0.0,0.0,TEN,4
Ladd McConkey,LAC,WR,3,0,0.0,0,0.0,0.0,0.0,0,0.0,0.0,0,0.0,0.0,0,0.0,0.0,15,2.0,12,0.8,1.0,0.23076923076923078,183,23.895606290697042,0.291866028708134,1,0.5773502691896258,0.3333333333333333,0,0.0,0.0,0,0.0,0.0,0,0.0,0.0,SEA,4
Lamar Jackson,BAL,QB,3,76,5.507570547286101,53,0.6973684210526315,3.0550504633038935,0.6973684210526315,745,69.95951210045232,1.0,4,0.5773502691896257,1.0,1,0.5773502691896258,1.0,0,0.0,0,0.0,0.0,0.0,0,0.0,0.0,0,0.0,0.0,17,1.5275252316519465,0.17525773195876287,124,8.082903768654761,0.24701195219123506,1,0.5773502691896258,0.14285714285714285,TEN,4
Lan Larison,NWE,RB,1,0,0,0,0.0,0,0.0,0,0,0.0,0,0,0.0,0,0,0.0,2,0,2,1.0,0,0.08695652173913043,9,0,0.05056179775280899,0,0,0.0,0,0,0.0,0,0,0.0,0,0,0.0,BUF,4
Laquon Treadwell,IND,WR,3,0,0.0,0,0.0,0.0,0.0,0,0.0,0.0,0,0.0,0.0,0,0.0,0.0,5,1.1547005383792517,4,0.8,1.5275252316519465,0.06153846153846154,81,31.096623610932426,0.132569558101473,0,0.0,0.0,0,0.0,0.0,0,0.0,0.0,0,0.0,0.0,WSH,4
LeQuint Allen,JAX,RB,3,0,0.0,0,0.0,0.0,0.0,0,0.0,0.0,0,0.0,0.0,0,0.0,0.0,3,1.0,2,0.6666666666666666,1.1547005383792517,0.037037037037037035,9,5.196152422706632,0.01461038961038961,0,0.0,0.0,0,0.0,0.0,0,0.0,0.0,0,0.0,0.0,CIN,4
Lew Nichols,PIT,RB,1,0,0,0,0.0,0,0.0,0,0,0.0,0,0,0.0,0,0,0.0,0,0,0,0.0,0,0.0,0,0,0.0,0,0,0.0,1,0,0.043478260869565216,0,0,0.0,0,0,0.0,CLE,4
Lewis Bond,HOU,WR,2,0,0.0,0,0.0,0.0,0.0,0,0.0,0.0,0,0.0,0.0,0,0.0,0.0,1,0.7071067811865476,0,0.0,0.0,0.0,0,0.0,0.0,0,0.0,0.0,0,0.0,0.0,0,0.0,0.0,0,0.0,0.0,DAL,4
Lil'Jordan Humphrey,DEN,WR,1,0,0,0,0.0,0,0.0,0,0,0.0,0,0,0.0,0,0,0.0,1,0,0,0.0,0,0.0,0,0,0.0,0,0,0.0,0,0,0.0,0,0,0.0,0,0,0.0,SFO,4
Luke Farrell,SFO,TE,3,0,0.0,0,0.0,0.0,0.0,0,0.0,0.0,0,0.0,0.0,0,0.0,0.0,3,1.0,2,0.6666666666666666,1.1547005383792517,0.03389830508474576,19,10.96965511460289,0.0241423125794155,0,0.0,0.0,0,0.0,0.0,0,0.0,0.0,0,0.0,0.0,DEN,4
Luke McCaffrey,WSH,WR,1,0,0,0,0.0,0,0.0,0,0,0.0,0,0,0.0,0,0,0.0,0,0,0,0.0,0,0.0,0,0,0.0,0,0,0.0,0,0,0.0,0,0,0.0,0,0,0.0,IND,4
Luke Schoonmaker,DAL,TE,3,0,0.0,0,0.0,0.0,0.0,0,0.0,0.0,0,0.0,0.0,0,0.0,0.0,2,0.5773502691896258,2,1.0,0.5773502691896258,0.0273972602739726,21,6.244997998398398,0.028767123287671233,0,0.0,0.0,0,0.0,0.0,0,0.0,0.0,0,0.0,0.0,HOU,4
Luther Burden,CHI,WR,3,0,0.0,0,0.0,0.0,0.0,0,0.0,0.0,0,0.0,0.0,0,0.0,0.0,23,3.055050463303893,15,0.6521739130434783,2.0,0.23076923076923078,156,17.349351572897472,0.22033898305084745,1,0.5773502691896258,0.25,2,0.5773502691896258,0.01904761904761905,9,3.605551275463989,0.0162748643761302,0,0.0,0.0,NYJ,4
Mac Jones,SFO,QB,1,0,0,0,0.0,0,0.0,0,0,0.0,0,0,0.0,0,0,0.0,0,0,0,0.0,0,0.0,0,0,0.0,0,0,0.0,2,0,0.07407407407407407,-2,0,-0.021052631578947368,0,0,0.0,DEN,4
Mack Hollins,NWE,WR,3,0,0.0,0,0.0,0.0,0.0,0,0.0,0.0,0,0.0,0.0,0,0.0,0.0,16,3.511884584284246,12,0.75,2.0,0.21818181818181817,156,34.51086785347479,0.24722662440570523,0,0.0,0.0,0,0.0,0.0,0,0.0,0.0,0,0.0,0.0,BUF,4
Makai Lemon,PHI,WR,3,0,0.0,0,0.0,0.0,0.0,0,0.0,0.0,0,0.0,0.0,0,0.0,0.0,9,1.7320508075688772,7,0.7777777777777778,1.1547005383792515,0.125,38,17.03917055884274,0.06129032258064516,0,0.0,0.0,1,0.5773502691896258,0.013157894736842105,-5,2.8867513459481287,-0.015060240963855422,0,0.0,0.0,LAR,4
Malachi Corley,CLE,WR,3,0,0.0,0,0.0,0.0,0.0,0,0.0,0.0,0,0.0,0.0,0,0.0,0.0,0,0.0,0,0.0,0.0,0.0,0,0.0,0.0,0,0.0,0.0,0,0.0,0.0,0,0.0,0.0,0,0.0,0.0,PIT,4
Malachi Fields,NYG,WR,3,0,0.0,0,0.0,0.0,0.0,0,0.0,0.0,0,0.0,0.0,0,0.0,0.0,12,2.0,6,0.5,0.0,0.11764705882352941,74,5.507570547286102,0.1544885177453027,0,0.0,0.0,0,0.0,0.0,0,0.0,0.0,0,0.0,0.0,ARI,4
Malik Benson,LVR,WR,3,0,0.0,0,0.0,0.0,0.0,0,0.0,0.0,0,0.0,0.0,0,0.0,0.0,4,0.5773502691896257,1,0.25,0.5773502691896258,0.016129032258064516,6,3.4641016151377544,0.009077155824508321,0,0.0,0.0,1,0.5773502691896258,0.010752688172043012,-8,4.618802153517007,-0.02666666666666667,0,0.0,0.0,KAN,4
Malik McClain,NYJ,WR,1,0,0,0,0.0,0,0.0,0,0,0.0,0,0,0.0,0,0,0.0,0,0,0,0.0,0,0.0,0,0,0.0,0,0,0.0,0,0,0.0,0,0,0.0,0,0,0.0,CHI,4
Malik Nabers,NYG,WR,3,0,0.0,0,0.0,0.0,0.0,0,0.0,0.0,0,0.0,0.0,0,0.0,0.0,19,2.516611478423583,12,0.631578947368421,2.6457513110645907,0.23529411764705882,96,34.39476704383968,0.20041753653444677,0,0.0,0.0,0,0.0,0.0,0,0.0,0.0,0,0.0,0.0,ARI,4
Malik Washington,MIA,WR,3,0,0.0,0,0.0,0.0,0.0,0,0.0,0.0,0,0.0,0.0,0,0.0,0.0,23,2.516611478423583,12,0.5217391304347826,1.0,0.24489795918367346,152,6.8068592855540455,0.24242424242424243,0,0.0,0.0,3,1.0,0.03896103896103896,9,2.6457513110645907,0.030508474576271188,0,0.0,0.0,MIN,4
Malik Willis,MIA,QB,3,86,6.6583281184793925,49,0.5697674418604651,3.2145502536643185,0.5697674418604651,627,11.532562594670797,1.0,1,0.5773502691896258,1.0,2,0.5773502691896258,1.0,0,0.0,0,0.0,0.0,0.0,0,0.0,0.0,0,0.0,0.0,17,3.511884584284246,0.22077922077922077,101,25.423086620891127,0.3423728813559322,1,0.5773502691896258,0.5,MIN,4
MarShawn Lloyd,GNB,RB,3,0,0.0,0,0.0,0.0,0.0,0,0.0,0.0,0,0.0,0.0,0,0.0,0.0,6,1.0,4,0.6666666666666666,1.1547005383792517,0.06153846153846154,13,3.7859388972001824,0.015402843601895734,1,0.5773502691896258,0.16666666666666666,23,4.725815626252609,0.4791666666666667,68,13.203534880225572,0.4657534246575342,0,0.0,0.0,TAM,4
Marcus Mariota,WSH,QB,2,47,10.606601717798213,30,0.6382978723404256,5.656854249492381,0.45454545454545453,294,50.91168824543142,0.7538461538461538,4,1.4142135623730951,0.8,0,0.0,0.0,0,0.0,0,0.0,0.0,0.0,0,0.0,0.0,0,0.0,0.0,6,2.8284271247461903,0.09375,14,5.656854249492381,0.05303030303030303,0,0.0,0.0,IND,4
Mark Andrews,BAL,TE,3,0,0.0,0,0.0,0.0,0.0,0,0.0,0.0,0,0.0,0.0,0,0.0,0.0,18,1.0,13,0.7222222222222222,1.5275252316519465,0.24528301886792453,122,14.433756729740644,0.16375838926174496,0,0.0,0.0,0,0.0,0.0,0,0.0,0.0,0,0.0,0.0,TEN,4
Mark Redman,GNB,TE,3,0,0.0,0,0.0,0.0,0.0,0,0.0,0.0,0,0.0,0.0,0,0.0,0.0,0,0.0,0,0.0,0.0,0.0,0,0.0,0.0,0,0.0,0.0,0,0.0,0.0,0,0.0,0.0,0,0.0,0.0,TAM,4
Marlin Klein,HOU,TE,3,0,0.0,0,0.0,0.0,0.0,0,0.0,0.0,0,0.0,0.0,0,0.0,0.0,1,0.5773502691896258,1,1.0,0.5773502691896258,0.013888888888888888,16,9.237604307034013,0.020151133501259445,0,0.0,0.0,0,0.0,0.0,0,0.0,0.0,0,0.0,0.0,DAL,4
Marquez Valdes-Scantling,LAC,WR,1,0,0,0,0.0,0,0.0,0,0,0.0,0,0,0.0,0,0,0.0,1,0,0,0.0,0,0.0,0,0,0.0,0,0,0.0,0,0,0.0,0,0,0.0,0,0,0.0,SEA,4
Marquise Brown,PHI,WR,1,0,0,0,0.0,0,0.0,0,0,0.0,0,0,0.0,0,0,0.0,0,0,0,0.0,0,0.0,0,0,0.0,0,0,0.0,2,0,0.0625,12,0,0.1348314606741573,0,0,0.0,LAR,4
Marvin Harrison Jr.,ARI,WR,3,0,0.0,0,0.0,0.0,0.0,0,0.0,0.0,0,0.0,0.0,0,0.0,0.0,9,2.0,4,0.4444444444444444,1.5275252316519468,0.04878048780487805,73,21.361959960016154,0.11196319018404909,0,0.0,0.0,0,0.0,0.0,0,0.0,0.0,0,0.0,0.0,NYG,4
Marvin Mims,DEN,WR,1,0,0,0,0.0,0,0.0,0,0,0.0,0,0,0.0,0,0,0.0,0,0,0,0.0,0,0.0,0,0,0.0,0,0,0.0,0,0,0.0,0,0,0.0,0,0,0.0,SFO,4
Mason Rudolph,PIT,QB,1,1,0,0,0.0,0,0.0,0,0,0.0,0,0,0.0,0,0,0.0,0,0,0,0.0,0,0.0,0,0,0.0,0,0,0.0,1,0,0.043478260869565216,3,0,0.03296703296703297,0,0,0.0,CLE,4
Mason Taylor,NYJ,TE,2,0,0.0,0,0.0,0.0,0.0,0,0.0,0.0,0,0.0,0.0,0,0.0,0.0,3,2.1213203435596424,2,0.6666666666666666,1.4142135623730951,0.043478260869565216,-2,1.4142135623730951,-0.004329004329004329,0,0.0,0.0,0,0.0,0.0,0,0.0,0.0,0,0.0,0.0,CHI,4
Matthew Golden,GNB,WR,3,0,0.0,0,0.0,0.0,0.0,0,0.0,0.0,0,0.0,0.0,0,0.0,0.0,30,3.4641016151377544,15,0.5,1.0,0.23076923076923078,253,22.94195574342635,0.29976303317535546,1,0.5773502691896258,0.16666666666666666,0,0.0,0.0,0,0.0,0.0,0,0.0,0.0,TAM,4
Matthew Hibner,BAL,TE,3,0,0.0,0,0.0,0.0,0.0,0,0.0,0.0,0,0.0,0.0,0,0.0,0.0,3,1.0,3,1.0,1.0,0.05660377358490566,36,11.532562594670797,0.04832214765100671,1,0.5773502691896258,0.25,0,0.0,0.0,0,0.0,0.0,0,0.0,0.0,TEN,4
Matthew Stafford,LAR,QB,3,111,15.874507866387544,67,0.6036036036036037,7.505553499465135,0.5877192982456141,872,121.6401797652952,0.9853107344632769,6,2.0,1.0,4,0.5773502691896257,0.0,0,0.0,0,0.0,0.0,0.0,0,0.0,0.0,0,0.0,0.0,8,1.1547005383792515,0.1,11,8.082903768654761,0.02743142144638404,0,0.0,0.0,PHI,4
Max Bredeson,MIN,FB,3,0,0.0,0,0.0,0.0,0.0,0,0.0,0.0,0,0.0,0.0,0,0.0,0.0,0,0.0,0,0.0,0.0,0.0,0,0.0,0.0,0,0.0,0.0,0,0.0,0.0,0,0.0,0.0,0,0.0,0.0,MIA,4
Max Klare,LAR,TE,2,0,0.0,0,0.0,0.0,0.0,0,0.0,0.0,0,0.0,0.0,0,0.0,0.0,0,0.0,0,0.0,0.0,0.0,0,0.0,0.0,0,0.0,0.0,0,0.0,0.0,0,0.0,0.0,0,0.0,0.0,PHI,4
Michael Burton,CLE,FB,3,0,0.0,0,0.0,0.0,0.0,0,0.0,0.0,0,0.0,0.0,0,0.0,0.0,1,0.5773502691896258,0,0.0,0.0,0.0,0,0.0,0.0,0,0.0,0.0,0,0.0,0.0,0,0.0,0.0,0,0.0,0.0,PIT,4
Michael Mayer,LVR,TE,3,0,0.0,0,0.0,0.0,0.0,0,0.0,0.0,0,0.0,0.0,0,0.0,0.0,14,2.0816659994661326,12,0.8571428571428571,1.7320508075688772,0.1935483870967742,87,5.196152422706632,0.13161875945537066,1,0.5773502691896258,0.1111111111111111,0,0.0,0.0,0,0.0,0.0,0,0.0,0.0,KAN,4
Michael Penix,ATL,QB,1,25,0,18,0.72,0,0.72,256,0,1.0,1,0,1.0,1,0,1.0,0,0,0,0.0,0,0.0,0,0,0.0,0,0,0.0,2,0,0.04878048780487805,-2,0,-0.008264462809917356,0,0,0.0,NOR,4
Michael Pittman Jr.,PIT,WR,2,0,0.0,0,0.0,0.0,0.0,0,0.0,0.0,0,0.0,0.0,0,0.0,0.0,8,1.4142135623730951,5,0.625,0.7071067811865476,0.11627906976744186,74,29.698484809834994,0.1442495126705653,0,0.0,0.0,0,0.0,0.0,0,0.0,0.0,0,0.0,0.0,CLE,4
Michael Wilson,ARI,WR,3,0,0.0,0,0.0,0.0,0.0,0,0.0,0.0,0,0.0,0.0,0,0.0,0.0,31,5.773502691896257,18,0.5806451612903226,4.58257569495584,0.21951219512195122,163,35.52933060632206,0.25,1,0.5773502691896258,0.25,0,0.0,0.0,0,0.0,0.0,0,0.0,0.0,NYG,4
Mike Evans,SFO,WR,3,0,0.0,0,0.0,0.0,0.0,0,0.0,0.0,0,0.0,0.0,0,0.0,0.0,16,2.0816659994661326,12,0.75,1.7320508075688772,0.2033898305084746,137,10.408329997330664,0.17407878017789072,2,0.5773502691896258,0.2222222222222222,0,0.0,0.0,0,0.0,0.0,0,0.0,0.0,DEN,4
Mike Gesicki,CIN,TE,3,0,0.0,0,0.0,0.0,0.0,0,0.0,0.0,0,0.0,0.0,0,0.0,0.0,10,3.5118845842842465,8,0.8,2.5166114784235836,0.1095890410958904,115,39.01709027251178,0.15477792732166892,2,0.5773502691896258,0.3333333333333333,0,0.0,0.0,0,0.0,0.0,0,0.0,0.0,JAX,4
Mike Washington Jr.,LVR,RB,3,0,0.0,0,0.0,0.0,0.0,0,0.0,0.0,0,0.0,0.0,0,0.0,0.0,1,0.5773502691896258,0,0.0,0.0,0.0,0,0.0,0.0,0,0.0,0.0,15,2.0,0.16129032258064516,102,24.269322199023193,0.34,1,0.5773502691896258,0.0,KAN,4
Mitchell Evans,CAR,TE,3,0,0.0,0,0.0,0.0,0.0,0,0.0,0.0,0,0.0,0.0,0,0.0,0.0,6,1.0,5,0.8333333333333334,1.1547005383792517,0.06944444444444445,58,14.571661996262929,0.0617678381256656,0,0.0,0.0,0,0.0,0.0,0,0.0,0.0,0,0.0,0.0,DET,4
Mo Alie-Cox,IND,TE,3,0,0.0,0,0.0,0.0,0.0,0,0.0,0.0,0,0.0,0.0,0,0.0,0.0,1,0.5773502691896258,1,1.0,0.5773502691896258,0.015384615384615385,16,9.237604307034013,0.02618657937806874,0,0.0,0.0,0,0.0,0.0,0,0.0,0.0,0,0.0,0.0,WSH,4
Montorie Foster,SEA,WR,1,0,0,0,0.0,0,0.0,0,0,0.0,0,0,0.0,0,0,0.0,0,0,0,0.0,0,0.0,0,0,0.0,0,0,0.0,0,0,0.0,0,0,0.0,0,0,0.0,LAC,4
Myles Price,MIN,WR,3,0,0.0,0,0.0,0.0,0.0,0,0.0,0.0,0,0.0,0.0,0,0.0,0.0,1,0.5773502691896258,0,0.0,0.0,0.0,0,0.0,0.0,0,0.0,0.0,0,0.0,0.0,0,0.0,0.0,0,0.0,0.0,MIA,4
Najee Harris,NYG,RB,2,0,0.0,0,0.0,0.0,0.0,0,0.0,0.0,0,0.0,0.0,0,0.0,0.0,0,0.0,0,0.0,0.0,0.0,0,0.0,0.0,0,0.0,0.0,13,3.5355339059327378,0.24074074074074073,58,32.526911934581186,0.30526315789473685,0,0.0,0.0,ARI,4
Nate Adkins,DEN,TE,3,0,0.0,0,0.0,0.0,0.0,0,0.0,0.0,0,0.0,0.0,0,0.0,0.0,5,1.5275252316519465,4,0.8,1.5275252316519465,0.07142857142857142,40,16.65332799572906,0.06611570247933884,2,0.5773502691896258,0.5,1,0.5773502691896258,0.014705882352941176,6,3.4641016151377544,0.024691358024691357,0,0.0,0.0,SFO,4
Nate Boerkircher,JAX,TE,3,0,0.0,0,0.0,0.0,0.0,0,0.0,0.0,0,0.0,0.0,0,0.0,0.0,2,0.5773502691896258,1,0.5,0.5773502691896258,0.018518518518518517,9,5.196152422706632,0.01461038961038961,0,0.0,0.0,0,0.0,0.0,0,0.0,0.0,0,0.0,0.0,CIN,4
Nicholas Singleton,TEN,RB,2,0,0.0,0,0.0,0.0,0.0,0,0.0,0.0,0,0.0,0.0,0,0.0,0.0,0,0.0,0,0.0,0.0,0.0,0,0.0,0.0,0,0.0,0.0,4,2.8284271247461903,0.08,10,7.0710678118654755,0.04926108374384237,0,0.0,0.0,BAL,4
Nick Kallerup,SEA,TE,2,0,0.0,0,0.0,0.0,0.0,0,0.0,0.0,0,0.0,0.0,0,0.0,0.0,0,0.0,0,0.0,0.0,0.0,0,0.0,0.0,0,0.0,0.0,0,0.0,0.0,0,0.0,0.0,0,0.0,0.0,LAC,4
Nick Mullens,JAX,QB,1,0,0,0,0.0,0,0.0,0,0,0.0,0,0,0.0,0,0,0.0,0,0,0,0.0,0,0.0,0,0,0.0,0,0,0.0,3,0,0.09375,-3,0,-0.023809523809523808,0,0,0.0,CIN,4
Nick Muse,ATL,TE,3,0,0.0,0,0.0,0.0,0.0,0,0.0,0.0,0,0.0,0.0,0,0.0,0.0,0,0.0,0,0.0,0.0,0.0,0,0.0,0.0,0,0.0,0.0,0,0.0,0.0,0,0.0,0.0,0,0.0,0.0,NOR,4
Nick Westbrook-Ikhine,IND,WR,1,0,0,0,0.0,0,0.0,0,0,0.0,0,0,0.0,0,0,0.0,0,0,0,0.0,0,0.0,0,0,0.0,0,0,0.0,0,0,0.0,0,0,0.0,0,0,0.0,WSH,4
Nico Collins,HOU,WR,1,0,0,0,0.0,0,0.0,0,0,0.0,0,0,0.0,0,0,0.0,10,0,7,0.7,0,0.2692307692307692,75,0,0.2737226277372263,1,0,0.5,1,0,0.03125,7,0,0.056451612903225805,0,0,0.0,DAL,4
Nikko Remigio,KAN,WR,3,0,0.0,0,0.0,0.0,0.0,0,0.0,0.0,0,0.0,0.0,0,0.0,0.0,0,0.0,0,0.0,0.0,0.0,0,0.0,0.0,0,0.0,0.0,0,0.0,0.0,0,0.0,0.0,0,0.0,0.0,LVR,4
Noah Fant,NOR,TE,3,0,0.0,0,0.0,0.0,0.0,0,0.0,0.0,0,0.0,0.0,0,0.0,0.0,12,4.0,8,0.6666666666666666,2.3094010767585034,0.08791208791208792,66,19.05255888325765,0.07197382769901854,3,1.0,0.375,0,0.0,0.0,0,0.0,0.0,0,0.0,0.0,ATL,4
Noah Gray,KAN,TE,3,0,0.0,0,0.0,0.0,0.0,0,0.0,0.0,0,0.0,0.0,0,0.0,0.0,5,1.1547005383792517,4,0.8,1.5275252316519468,0.05970149253731343,44,21.22105872319601,0.054187192118226604,0,0.0,0.0,0,0.0,0.0,0,0.0,0.0,0,0.0,0.0,LVR,4
Odell Beckham Jr.,NYG,WR,3,0,0.0,0,0.0,0.0,0.0,0,0.0,0.0,0,0.0,0.0,0,0.0,0.0,1,0.5773502691896258,0,0.0,0.0,0.0,0,0.0,0.0,0,0.0,0.0,0,0.0,0.0,0,0.0,0.0,0,0.0,0.0,ARI,4
Olamide Zaccheaus,ATL,WR,3,0,0.0,0,0.0,0.0,0.0,0,0.0,0.0,0,0.0,0.0,0,0.0,0.0,6,1.0,4,0.6666666666666666,0.5773502691896257,0.08333333333333333,17,3.055050463303893,0.03125,0,0.0,0.0,0,0.0,0.0,0,0.0,0.0,0,0.0,0.0,NOR,4
Ollie Gordon,MIA,RB,3,0,0.0,0,0.0,0.0,0.0,0,0.0,0.0,0,0.0,0.0,0,0.0,0.0,3,1.7320508075688772,3,1.0,1.7320508075688772,0.061224489795918366,14,8.082903768654761,0.022328548644338118,0,0.0,0.0,20,9.073771725877465,0.2597402597402597,48,21.93171219946131,0.16271186440677965,1,0.5773502691896258,0.5,MIN,4
Omar Cooper,NYJ,WR,1,0,0,0,0.0,0,0.0,0,0,0.0,0,0,0.0,0,0,0.0,1,0,1,1.0,0,0.05263157894736842,30,0,0.13953488372093023,0,0,0.0,0,0,0.0,0,0,0.0,0,0,0.0,CHI,4
Omarion Hampton,LAC,RB,3,0,0.0,0,0.0,0.0,0.0,0,0.0,0.0,0,0.0,0.0,0,0.0,0.0,3,1.0,2,0.6666666666666666,1.1547005383792517,0.038461538461538464,21,12.12435565298214,0.03349282296650718,0,0.0,0.0,50,5.686240703077327,0.6172839506172839,193,26.501572280401277,0.5693215339233039,2,0.5773502691896258,1.0,SEA,4
Oronde Gadsden II,LAC,TE,3,0,0.0,0,0.0,0.0,0.0,0,0.0,0.0,0,0.0,0.0,0,0.0,0.0,7,0.5773502691896258,4,0.5714285714285714,1.1547005383792517,0.07692307692307693,50,16.041612554021288,0.07974481658692185,1,0.5773502691896258,0.3333333333333333,0,0.0,0.0,0,0.0,0.0,0,0.0,0.0,SEA,4
Oscar Delp,NOR,TE,2,0,0.0,0,0.0,0.0,0.0,0,0.0,0.0,0,0.0,0.0,0,0.0,0.0,1,0.7071067811865476,1,1.0,0.7071067811865476,0.017857142857142856,8,5.656854249492381,0.015779092702169626,0,0.0,0.0,0,0.0,0.0,0,0.0,0.0,0,0.0,0.0,ATL,4
Parker Washington,JAX,WR,3,0,0.0,0,0.0,0.0,0.0,0,0.0,0.0,0,0.0,0.0,0,0.0,0.0,23,3.7859388972001824,15,0.6521739130434783,2.0,0.2777777777777778,221,30.105370506494907,0.3587662337662338,2,0.5773502691896258,0.2857142857142857,0,0.0,0.0,0,0.0,0.0,0,0.0,0.0,CIN,4
Pat Bryant,DEN,WR,3,0,0.0,0,0.0,0.0,0.0,0,0.0,0.0,0,0.0,0.0,0,0.0,0.0,9,2.6457513110645907,6,0.6666666666666666,2.0,0.10714285714285714,86,24.846193538112296,0.14214876033057852,1,0.5773502691896258,0.25,1,0.5773502691896258,0.014705882352941176,16,9.237604307034013,0.06584362139917696,0,0.0,0.0,SFO,4
Pat Freiermuth,PIT,TE,3,0,0.0,0,0.0,0.0,0.0,0,0.0,0.0,0,0.0,0.0,0,0.0,0.0,14,0.5773502691896258,11,0.7857142857142857,1.5275252316519465,0.16666666666666666,108,8.717797887081348,0.15428571428571428,1,0.5773502691896258,0.25,2,0.5773502691896258,0.029850746268656716,3,1.0,0.010452961672473868,0,0.0,0.0,CLE,4
Patrick Herbert,LAC,TE,1,0,0,0,0.0,0,0.0,0,0,0.0,0,0,0.0,0,0,0.0,0,0,0,0.0,0,0.0,0,0,0.0,0,0,0.0,0,0,0.0,0,0,0.0,0,0,0.0,SEA,4
Patrick Mahomes,KAN,QB,3,98,12.503332889007368,67,0.6836734693877551,8.736894948054104,0.6836734693877551,812,101.2784939329833,1.0,7,0.5773502691896258,1.0,2,0.5773502691896258,1.0,0,0.0,0,0.0,0.0,0.0,0,0.0,0.0,0,0.0,0.0,10,3.2145502536643185,0.10989010989010989,41,11.372481406154654,0.08971553610503283,1,0.5773502691896258,0.3333333333333333,LVR,4
Patrick Ricard,NYG,FB,3,0,0.0,0,0.0,0.0,0.0,0,0.0,0.0,0,0.0,0.0,0,0.0,0.0,1,0.5773502691896258,0,0.0,0.0,0.0,0,0.0,0.0,0,0.0,0.0,0,0.0,0.0,0,0.0,0.0,0,0.0,0.0,ARI,4
Payne Durham,TAM,TE,3,0,0.0,0,0.0,0.0,0.0,0,0.0,0.0,0,0.0,0.0,0,0.0,0.0,1,0.5773502691896258,0,0.0,0.0,0.0,0,0.0,0.0,0,0.0,0.0,0,0.0,0.0,0,0.0,0.0,0,0.0,0.0,GNB,4
Puka Nacua,LAR,WR,1,0,0,0,0.0,0,0.0,0,0,0.0,0,0,0.0,0,0,0.0,9,0,5,0.5555555555555556,0,0.29411764705882354,74,0,0.44047619047619047,0,0,0.0,0,0,0.0,0,0,0.0,0,0,0.0,PHI,4
Quentin Johnston,LAC,WR,3,0,0.0,0,0.0,0.0,0.0,0,0.0,0.0,0,0.0,0.0,0,0.0,0.0,17,0.5773502691896258,6,0.35294117647058826,1.0,0.11538461538461539,64,16.921386861996076,0.10207336523125997,0,0.0,0.0,1,0.5773502691896258,0.012345679012345678,7,4.041451884327381,0.02064896755162242,0,0.0,0.0,SEA,4
Quinn Ewers,JAX,QB,1,0,0,0,0.0,0,0.0,0,0,0.0,0,0,0.0,0,0,0.0,0,0,0,0.0,0,0.0,0,0,0.0,0,0,0.0,0,0,0.0,0,0,0.0,0,0,0.0,CIN,4
Quinshon Judkins,CLE,RB,3,0,0.0,0,0.0,0.0,0.0,0,0.0,0.0,0,0.0,0.0,0,0.0,0.0,9,1.7320508075688772,9,1.0,1.7320508075688772,0.15789473684210525,53,9.018499505645789,0.09028960817717206,0,0.0,0.0,42,3.4641016151377544,0.56,124,25.540817005987364,0.4714828897338403,0,0.0,0.0,PIT,4
Quintin Morris,JAX,TE,3,0,0.0,0,0.0,0.0,0.0,0,0.0,0.0,0,0.0,0.0,0,0.0,0.0,2,0.5773502691896258,1,0.5,0.5773502691896258,0.018518518518518517,7,4.041451884327381,0.011363636363636364,0,0.0,0.0,0,0.0,0.0,0,0.0,0.0,0,0.0,0.0,CIN,4
RJ Harvey,DEN,RB,2,0,0.0,0,0.0,0.0,0.0,0,0.0,0.0,0,0.0,0.0,0,0.0,0.0,11,2.1213203435596424,10,0.9090909090909091,1.4142135623730951,0.29411764705882354,64,12.727922061357855,0.20189274447949526,0,0.0,0.0,5,0.7071067811865476,0.125,24,8.48528137423857,0.17266187050359713,0,0.0,0.0,SFO,4
Rachaad White,WSH,RB,3,0,0.0,0,0.0,0.0,0.0,0,0.0,0.0,0,0.0,0.0,0,0.0,0.0,9,2.6457513110645907,9,1.0,2.6457513110645907,0.15,51,19.924858845171276,0.09205776173285199,1,0.5773502691896258,0.14285714285714285,22,0.5773502691896258,0.22916666666666666,100,10.598742063723098,0.25252525252525254,0,0.0,0.0,IND,4
Raheim Sanders,CLE,RB,3,0,0.0,0,0.0,0.0,0.0,0,0.0,0.0,0,0.0,0.0,0,0.0,0.0,9,2.0,8,0.8888888888888888,1.5275252316519465,0.14035087719298245,66,13.74772708486752,0.11243611584327087,0,0.0,0.0,4,0.5773502691896257,0.05333333333333334,22,8.504900548115383,0.08365019011406843,0,0.0,0.0,PIT,4
Rashee Rice,KAN,WR,3,0,0.0,0,0.0,0.0,0.0,0,0.0,0.0,0,0.0,0.0,0,0.0,0.0,17,3.511884584284246,13,0.7647058823529411,2.516611478423583,0.19402985074626866,190,38.47510017314228,0.23399014778325122,1,0.5773502691896258,0.14285714285714285,0,0.0,0.0,0,0.0,0.0,0,0.0,0.0,LVR,4
Rasheen Ali,BAL,RB,3,0,0.0,0,0.0,0.0,0.0,0,0.0,0.0,0,0.0,0.0,0,0.0,0.0,0,0.0,0,0.0,0.0,0.0,0,0.0,0.0,0,0.0,0.0,0,0.0,0.0,0,0.0,0.0,0,0.0,0.0,TEN,4
Rashid Shaheed,SEA,WR,3,0,0.0,0,0.0,0.0,0.0,0,0.0,0.0,0,0.0,0.0,0,0.0,0.0,12,1.7320508075688772,6,0.5,1.0,0.08823529411764706,53,15.821925715074423,0.0640096618357488,0,0.0,0.0,1,0.5773502691896258,0.0125,4,2.3094010767585034,0.013201320132013201,0,0.0,0.0,LAC,4
Rashod Bateman,BAL,WR,3,0,0.0,0,0.0,0.0,0.0,0,0.0,0.0,0,0.0,0.0,0,0.0,0.0,13,4.163331998932266,9,0.6923076923076923,3.605551275463989,0.16981132075471697,125,44.185216230469365,0.16778523489932887,1,0.5773502691896258,0.25,0,0.0,0.0,0,0.0,0.0,0,0.0,0.0,TEN,4
Ray Davis,BUF,RB,3,0,0.0,0,0.0,0.0,0.0,0,0.0,0.0,0,0.0,0.0,0,0.0,0.0,0,0.0,0,0.0,0.0,0.0,0,0.0,0.0,0,0.0,0.0,1,0.5773502691896258,0.011111111111111112,3,1.7320508075688772,0.0064516129032258064,0,0.0,0.0,NWE,4
Reggie Gilliam,NWE,FB,3,0,0.0,0,0.0,0.0,0.0,0,0.0,0.0,0,0.0,0.0,0,0.0,0.0,2,1.1547005383792517,1,0.5,0.5773502691896258,0.01818181818181818,4,2.3094010767585034,0.006339144215530904,0,0.0,0.0,0,0.0,0.0,0,0.0,0.0,0,0.0,0.0,BUF,4
Rhamondre Stevenson,NWE,RB,3,0,0.0,0,0.0,0.0,0.0,0,0.0,0.0,0,0.0,0.0,0,0.0,0.0,11,2.081665999466133,9,0.8181818181818182,2.0,0.16363636363636364,63,20.952326839756964,0.09984152139461172,0,0.0,0.0,31,6.658328118479393,0.36470588235294116,116,14.977761292440647,0.35365853658536583,0,0.0,0.0,BUF,4
Rico Dowdle,PIT,RB,2,0,0.0,0,0.0,0.0,0.0,0,0.0,0.0,0,0.0,0.0,0,0.0,0.0,7,2.1213203435596424,4,0.5714285714285714,0.0,0.0851063829787234,28,11.313708498984761,0.06862745098039216,0,0.0,0.0,15,0.7071067811865476,0.3409090909090909,37,4.949747468305833,0.2483221476510067,0,0.0,0.0,CLE,4
Riley Nowakowski,PIT,FB,3,0,0.0,0,0.0,0.0,0.0,0,0.0,0.0,0,0.0,0.0,0,0.0,0.0,0,0.0,0,0.0,0.0,0.0,0,0.0,0.0,0,0.0,0.0,0,0.0,0.0,0,0.0,0.0,0,0.0,0.0,CLE,4
Robert Tonyan,PIT,TE,3,0,0.0,0,0.0,0.0,0.0,0,0.0,0.0,0,0.0,0.0,0,0.0,0.0,1,0.5773502691896258,1,1.0,0.5773502691896258,0.015151515151515152,2,1.1547005383792517,0.002857142857142857,0,0.0,0.0,0,0.0,0.0,0,0.0,0.0,0,0.0,0.0,CLE,4
Roman Wilson,PIT,WR,3,0,0.0,0,0.0,0.0,0.0,0,0.0,0.0,0,0.0,0.0,0,0.0,0.0,18,0.0,11,0.6111111111111112,1.1547005383792515,0.16666666666666666,114,19.078784028338912,0.16285714285714287,1,0.5773502691896258,0.25,0,0.0,0.0,0,0.0,0.0,0,0.0,0.0,CLE,4
Rome Odunze,CHI,WR,3,0,0.0,0,0.0,0.0,0.0,0,0.0,0.0,0,0.0,0.0,0,0.0,0.0,13,1.5275252316519465,8,0.6153846153846154,0.5773502691896258,0.12307692307692308,139,4.932882862316248,0.1963276836158192,0,0.0,0.0,0,0.0,0.0,0,0.0,0.0,0,0.0,0.0,NYJ,4
Romeo Doubs,NWE,WR,3,0,0.0,0,0.0,0.0,0.0,0,0.0,0.0,0,0.0,0.0,0,0.0,0.0,11,0.5773502691896258,6,0.5454545454545454,1.7320508075688772,0.10909090909090909,145,48.003472096644565,0.22979397781299524,0,0.0,0.0,0,0.0,0.0,0,0.0,0.0,0,0.0,0.0,BUF,4
Ronnie Rivers,LAR,RB,2,0,0.0,0,0.0,0.0,0.0,0,0.0,0.0,0,0.0,0.0,0,0.0,0.0,1,0.7071067811865476,1,1.0,0.7071067811865476,0.02564102564102564,5,3.5355339059327378,0.010101010101010102,0,0.0,0.0,5,3.5355339059327378,0.08771929824561403,19,13.435028842544403,0.06666666666666667,0,0.0,0.0,PHI,4
Roschon Johnson,CHI,RB,3,0,0.0,0,0.0,0.0,0.0,0,0.0,0.0,0,0.0,0.0,0,0.0,0.0,0,0.0,0,0.0,0.0,0.0,0,0.0,0.0,0,0.0,0.0,0,0.0,0.0,0,0.0,0.0,0,0.0,0.0,NYJ,4
Ryan Flournoy,DAL,WR,3,0,0.0,0,0.0,0.0,0.0,0,0.0,0.0,0,0.0,0.0,0,0.0,0.0,18,2.0,9,0.5,1.7320508075688772,0.1232876712328767,67,0.5773502691896258,0.09178082191780822,0,0.0,0.0,0,0.0,0.0,0,0.0,0.0,0,0.0,0.0,HOU,4
Ryan Miller,MIA,WR,3,0,0.0,0,0.0,0.0,0.0,0,0.0,0.0,0,0.0,0.0,0,0.0,0.0,4,1.5275252316519468,3,0.75,1.0,0.061224489795918366,92,40.8207463593371,0.1467304625199362,1,0.5773502691896258,1.0,0,0.0,0.0,0,0.0,0.0,0,0.0,0.0,MIN,4
Sam Darnold,SEA,QB,2,47,30.405591591021544,32,0.6808510638297872,21.213203435596427,0.45714285714285713,392,258.8010819142764,0.6610455311973018,4,2.8284271247461903,0.8,2,1.4142135623730951,0.0,0,0.0,0,0.0,0.0,0.0,0,0.0,0.0,0,0.0,0.0,1,0.7071067811865476,0.025,5,3.5355339059327378,0.03546099290780142,0,0.0,0.0,LAC,4
Sam LaPorta,DET,TE,3,0,0.0,0,0.0,0.0,0.0,0,0.0,0.0,0,0.0,0.0,0,0.0,0.0,19,2.0816659994661326,14,0.7368421052631579,1.5275252316519465,0.18181818181818182,144,4.0,0.17955112219451372,1,0.5773502691896258,0.0,0,0.0,0.0,0,0.0,0.0,0,0.0,0.0,CAR,4
Sam Roush,CHI,TE,3,0,0.0,0,0.0,0.0,0.0,0,0.0,0.0,0,0.0,0.0,0,0.0,0.0,4,1.5275252316519465,2,0.5,0.5773502691896258,0.03076923076923077,25,8.020806277010644,0.03531073446327684,0,0.0,0.0,0,0.0,0.0,0,0.0,0.0,0,0.0,0.0,NYJ,4
Samaje Perine,CIN,RB,3,0,0.0,0,0.0,0.0,0.0,0,0.0,0.0,0,0.0,0.0,0,0.0,0.0,7,1.1547005383792515,5,0.7142857142857143,1.1547005383792517,0.0684931506849315,51,12.529964086141668,0.06864064602960969,0,0.0,0.0,10,1.5275252316519468,0.14705882352941177,35,7.3711147958319945,0.12773722627737227,0,0.0,0.0,JAX,4
Saquon Barkley,PHI,RB,3,0,0.0,0,0.0,0.0,0.0,0,0.0,0.0,0,0.0,0.0,0,0.0,0.0,6,0.0,3,0.5,0.0,0.05357142857142857,6,7.810249675906654,0.00967741935483871,0,0.0,0.0,34,6.3508529610858835,0.4473684210526316,174,42.43819034784589,0.5240963855421686,0,0.0,0.0,LAR,4
Sean Tucker,TAM,RB,2,0,0.0,0,0.0,0.0,0.0,0,0.0,0.0,0,0.0,0.0,0,0.0,0.0,0,0.0,0,0.0,0.0,0.0,0,0.0,0.0,0,0.0,0.0,0,0.0,0.0,0,0.0,0.0,0,0.0,0.0,GNB,4
Seth McGowan,IND,RB,3,0,0.0,0,0.0,0.0,0.0,0,0.0,0.0,0,0.0,0.0,0,0.0,0.0,1,0.5773502691896258,1,1.0,0.5773502691896258,0.015384615384615385,0,0.0,0.0,0,0.0,0.0,6,2.0,0.07228915662650602,14,8.082903768654761,0.04516129032258064,0,0.0,0.0,WSH,4
Seydou Traore,MIA,TE,3,0,0.0,0,0.0,0.0,0.0,0,0.0,0.0,0,0.0,0.0,0,0.0,0.0,0,0.0,0,0.0,0.0,0.0,0,0.0,0.0,0,0.0,0.0,0,0.0,0.0,0,0.0,0.0,0,0.0,0.0,MIN,4
Shedeur Sanders,CLE,QB,1,1,0,1,1.0,0,0.03225806451612903,0,0,0.0,0,0,0.0,0,0,0.0,0,0,0,0.0,0,0.0,0,0,0.0,0,0,0.0,0,0,0.0,0,0,0.0,0,0,0.0,PIT,4
Simi Fehoko,ARI,WR,3,0,0.0,0,0.0,0.0,0.0,0,0.0,0.0,0,0.0,0.0,0,0.0,0.0,0,0.0,0,0.0,0.0,0.0,0,0.0,0.0,0,0.0,0.0,0,0.0,0.0,0,0.0,0.0,0,0.0,0.0,NYG,4
Sione Vaki,DET,RB,3,0,0.0,0,0.0,0.0,0.0,0,0.0,0.0,0,0.0,0.0,0,0.0,0.0,3,0.0,3,1.0,0.0,0.03896103896103896,35,1.1547005383792517,0.043640897755610975,0,0.0,0.0,9,2.6457513110645907,0.10843373493975904,40,10.96965511460289,0.11049723756906077,0,0.0,0.0,CAR,4
Skyy Moore,GNB,WR,3,0,0.0,0,0.0,0.0,0.0,0,0.0,0.0,0,0.0,0.0,0,0.0,0.0,11,3.0550504633038935,5,0.45454545454545453,1.5275252316519468,0.07692307692307693,37,16.44181660685136,0.04383886255924171,0,0.0,0.0,0,0.0,0.0,0,0.0,0.0,0,0.0,0.0,TAM,4
Stefon Diggs,WSH,WR,3,0,0.0,0,0.0,0.0,0.0,0,0.0,0.0,0,0.0,0.0,0,0.0,0.0,22,1.5275252316519465,13,0.5909090909090909,0.5773502691896258,0.21666666666666667,135,11.135528725660043,0.24368231046931407,3,1.0,0.42857142857142855,0,0.0,0.0,0,0.0,0.0,0,0.0,0.0,IND,4
Sterling Shepard,NYJ,WR,1,0,0,0,0.0,0,0.0,0,0,0.0,0,0,0.0,0,0,0.0,1,0,1,1.0,0,0.03225806451612903,3,0,0.009345794392523364,0,0,0.0,0,0,0.0,0,0,0.0,0,0,0.0,CHI,4
Stetson Bennett,LAR,QB,1,3,0,2,0.6666666666666666,0,0.07142857142857142,13,0,0.07738095238095238,0,0,0.0,0,0,0.0,0,0,0,0.0,0,0.0,0,0,0.0,0,0,0.0,1,0,0.034482758620689655,9,0,0.07377049180327869,0,0,0.0,PHI,4
T.J. Hockenson,MIN,TE,3,0,0.0,0,0.0,0.0,0.0,0,0.0,0.0,0,0.0,0.0,0,0.0,0.0,13,0.5773502691896258,9,0.6923076923076923,1.0,0.21951219512195122,76,12.897028081435401,0.1645021645021645,1,0.5773502691896258,0.25,0,0.0,0.0,0,0.0,0.0,0,0.0,0.0,MIA,4
Tahj Brooks,CIN,RB,3,0,0.0,0,0.0,0.0,0.0,0,0.0,0.0,0,0.0,0.0,0,0.0,0.0,0,0.0,0,0.0,0.0,0.0,0,0.0,0.0,0,0.0,0.0,0,0.0,0.0,0,0.0,0.0,0,0.0,0.0,JAX,4
Tai Felton,MIN,WR,3,0,0.0,0,0.0,0.0,0.0,0,0.0,0.0,0,0.0,0.0,0,0.0,0.0,2,1.1547005383792517,0,0.0,0.0,0.0,0,0.0,0.0,0,0.0,0.0,0,0.0,0.0,0,0.0,0.0,0,0.0,0.0,MIA,4
Tank Bigsby,PHI,RB,3,0,0.0,0,0.0,0.0,0.0,0,0.0,0.0,0,0.0,0.0,0,0.0,0.0,3,1.0,3,1.0,1.0,0.05357142857142857,10,2.886751345948129,0.016129032258064516,0,0.0,0.0,14,7.234178138070234,0.18421052631578946,36,18.24828759089466,0.10843373493975904,1,0.5773502691896258,0.0,LAR,4
Tanner Arkin,NWE,TE,2,0,0.0,0,0.0,0.0,0.0,0,0.0,0.0,0,0.0,0.0,0,0.0,0.0,0,0.0,0,0.0,0.0,0.0,0,0.0,0.0,0,0.0,0.0,0,0.0,0.0,0,0.0,0.0,0,0.0,0.0,BUF,4
Tanner Hudson,CIN,TE,2,0,0.0,0,0.0,0.0,0.0,0,0.0,0.0,0,0.0,0.0,0,0.0,0.0,3,0.7071067811865476,3,1.0,0.7071067811865476,0.05660377358490566,17,6.363961030678928,0.03171641791044776,0,0.0,0.0,0,0.0,0.0,0,0.0,0.0,0,0.0,0.0,JAX,4
Tanner Koziol,JAX,TE,1,0,0,0,0.0,0,0.0,0,0,0.0,0,0,0.0,0,0,0.0,0,0,0,0.0,0,0.0,0,0,0.0,0,0,0.0,0,0,0.0,0,0,0.0,0,0,0.0,CIN,4
Tay Martin,DET,WR,3,0,0.0,0,0.0,0.0,0.0,0,0.0,0.0,0,0.0,0.0,0,0.0,0.0,0,0.0,0,0.0,0.0,0.0,0,0.0,0.0,0,0.0,0.0,0,0.0,0.0,0,0.0,0.0,0,0.0,0.0,CAR,4
Ted Hurst,TAM,WR,3,0,0.0,0,0.0,0.0,0.0,0,0.0,0.0,0,0.0,0.0,0,0.0,0.0,13,2.309401076758503,6,0.46153846153846156,1.0,0.09836065573770492,103,6.658328118479393,0.16747967479674797,1,0.5773502691896258,0.5,0,0.0,0.0,0,0.0,0.0,0,0.0,0.0,GNB,4
Tee Higgins,CIN,WR,3,0,0.0,0,0.0,0.0,0.0,0,0.0,0.0,0,0.0,0.0,0,0.0,0.0,23,2.0816659994661326,14,0.6086956521739131,1.5275252316519465,0.1917808219178082,244,19.5021366350801,0.3283983849259758,1,0.5773502691896258,0.16666666666666666,0,0.0,0.0,0,0.0,0.0,0,0.0,0.0,JAX,4
Terrance Ferguson,LAR,TE,3,0,0.0,0,0.0,0.0,0.0,0,0.0,0.0,0,0.0,0.0,0,0.0,0.0,12,4.358898943540674,7,0.5833333333333334,3.2145502536643185,0.10144927536231885,63,28.930952282978865,0.0711864406779661,1,0.5773502691896258,0.16666666666666666,0,0.0,0.0,0,0.0,0.0,0,0.0,0.0,PHI,4
Terry McLaurin,WSH,WR,3,0,0.0,0,0.0,0.0,0.0,0,0.0,0.0,0,0.0,0.0,0,0.0,0.0,22,2.8867513459481287,10,0.45454545454545453,2.3094010767585034,0.16666666666666666,141,31.606961258558215,0.2545126353790614,1,0.5773502691896258,0.14285714285714285,0,0.0,0.0,0,0.0,0.0,0,0.0,0.0,IND,4
Tetairoa McMillan,CAR,WR,3,0,0.0,0,0.0,0.0,0.0,0,0.0,0.0,0,0.0,0.0,0,0.0,0.0,23,2.516611478423583,12,0.5217391304347826,1.7320508075688772,0.16666666666666666,193,43.003875794320365,0.2055378061767838,0,0.0,0.0,0,0.0,0.0,0,0.0,0.0,0,0.0,0.0,DET,4
Tez Johnson,TAM,WR,3,0,0.0,0,0.0,0.0,0.0,0,0.0,0.0,0,0.0,0.0,0,0.0,0.0,7,1.5275252316519468,2,0.2857142857142857,0.5773502691896258,0.03278688524590164,57,26.28687885618983,0.09268292682926829,0,0.0,0.0,1,0.5773502691896258,0.015151515151515152,-4,2.3094010767585034,-0.014134275618374558,0,0.0,0.0,GNB,4
Theo Johnson,NYG,TE,3,0,0.0,0,0.0,0.0,0.0,0,0.0,0.0,0,0.0,0.0,0,0.0,0.0,5,2.0816659994661326,1,0.2,0.5773502691896258,0.0196078431372549,9,5.196152422706632,0.018789144050104383,0,0.0,0.0,0,0.0,0.0,0,0.0,0.0,0,0.0,0.0,ARI,4
Tom Kennedy,DET,WR,3,0,0.0,0,0.0,0.0,0.0,0,0.0,0.0,0,0.0,0.0,0,0.0,0.0,0,0.0,0,0.0,0.0,0.0,0,0.0,0.0,0,0.0,0.0,0,0.0,0.0,0,0.0,0.0,0,0.0,0.0,CAR,4
Tommy DeVito,NWE,QB,1,5,0,3,0.6,0,0.0967741935483871,30,0,0.12244897959183673,0,0,0.0,0,0,0.0,0,0,0,0.0,0,0.0,0,0,0.0,0,0,0.0,1,0,0.038461538461538464,2,0,0.024096385542168676,0,0,0.0,BUF,4
Tommy Tremble,CAR,TE,3,0,0.0,0,0.0,0.0,0.0,0,0.0,0.0,0,0.0,0.0,0,0.0,0.0,11,1.5275252316519468,7,0.6363636363636364,1.1547005383792515,0.09722222222222222,70,18.556220879622373,0.07454739084132056,0,0.0,0.0,0,0.0,0.0,0,0.0,0.0,0,0.0,0.0,DET,4
Tony Pollard,TEN,RB,3,0,0.0,0,0.0,0.0,0.0,0,0.0,0.0,0,0.0,0.0,0,0.0,0.0,7,1.5275252316519465,6,0.8571428571428571,1.7320508075688772,0.10909090909090909,22,12.741009902410928,0.04365079365079365,0,0.0,0.0,38,5.131601439446884,0.59375,173,20.256686138984662,0.6383763837638377,0,0.0,0.0,BAL,4
Tory Horton,SEA,WR,2,0,0.0,0,0.0,0.0,0.0,0,0.0,0.0,0,0.0,0.0,0,0.0,0.0,3,2.1213203435596424,3,1.0,2.1213203435596424,0.058823529411764705,48,33.94112549695428,0.07643312101910828,0,0.0,0.0,0,0.0,0.0,0,0.0,0.0,0,0.0,0.0,LAC,4
Travis Etienne,NOR,RB,3,0,0.0,0,0.0,0.0,0.0,0,0.0,0.0,0,0.0,0.0,0,0.0,0.0,13,4.041451884327381,11,0.8461538461538461,2.886751345948129,0.12087912087912088,51,13.45362404707371,0.05561613958560523,0,0.0,0.0,30,2.6457513110645907,0.375,128,16.258331197676267,0.42105263157894735,0,0.0,0.0,ATL,4
Travis Homer,PIT,RB,2,0,0.0,0,0.0,0.0,0.0,0,0.0,0.0,0,0.0,0.0,0,0.0,0.0,0,0.0,0,0.0,0.0,0.0,0,0.0,0.0,0,0.0,0.0,3,0.7071067811865476,0.06521739130434782,16,11.313708498984761,0.06986899563318777,0,0.0,0.0,CLE,4
Travis Hunter,JAX,WR,3,0,0.0,0,0.0,0.0,0.0,0,0.0,0.0,0,0.0,0.0,0,0.0,0.0,1,0.5773502691896258,1,1.0,0.5773502691896258,0.018518518518518517,8,4.618802153517007,0.012987012987012988,0,0.0,0.0,1,0.5773502691896258,0.011627906976744186,3,1.7320508075688772,0.008379888268156424,0,0.0,0.0,CIN,4
Travis Kelce,KAN,TE,3,0,0.0,0,0.0,0.0,0.0,0,0.0,0.0,0,0.0,0.0,0,0.0,0.0,18,4.58257569495584,14,0.7777777777777778,3.7859388972001824,0.208955223880597,231,21.633307652783937,0.28448275862068967,2,0.5773502691896258,0.2857142857142857,0,0.0,0.0,0,0.0,0.0,0,0.0,0.0,LVR,4
Tre Harris,LAC,WR,3,0,0.0,0,0.0,0.0,0.0,0,0.0,0.0,0,0.0,0.0,0,0.0,0.0,16,2.0816659994661326,10,0.625,2.5166114784235836,0.19230769230769232,149,28.148416178061126,0.23763955342902712,0,0.0,0.0,0,0.0,0.0,0,0.0,0.0,0,0.0,0.0,SEA,4
Tre Tucker,LVR,WR,3,0,0.0,0,0.0,0.0,0.0,0,0.0,0.0,0,0.0,0.0,0,0.0,0.0,15,1.7320508075688772,11,0.7333333333333333,1.5275252316519468,0.1774193548387097,189,49.15282290977803,0.2859304084720121,1,0.5773502691896258,0.1111111111111111,0,0.0,0.0,0,0.0,0.0,0,0.0,0.0,KAN,4
TreVeyon Henderson,NWE,RB,2,0,0.0,0,0.0,0.0,0.0,0,0.0,0.0,0,0.0,0.0,0,0.0,0.0,1,0.7071067811865476,1,1.0,0.7071067811865476,0.03125,6,4.242640687119285,0.013245033112582781,0,0.0,0.0,24,5.656854249492381,0.4444444444444444,99,37.476659402887016,0.4520547945205479,1,0.7071067811865476,1.0,BUF,4
Trevor Lawrence,JAX,QB,3,81,3.4641016151377544,54,0.6666666666666666,1.0,0.6666666666666666,616,34.53018003621373,1.0,7,2.081665999466133,1.0,2,0.5773502691896258,1.0,0,0.0,0,0.0,0.0,0.0,0,0.0,0.0,0,0.0,0.0,8,1.1547005383792515,0.09302325581395349,34,11.930353445448855,0.09497206703910614,0,0.0,0.0,CIN,4
Trey McBride,ARI,TE,3,0,0.0,0,0.0,0.0,0.0,0,0.0,0.0,0,0.0,0.0,0,0.0,0.0,34,1.5275252316519468,26,0.7647058823529411,0.5773502691896257,0.3170731707317073,211,27.30079363925769,0.3236196319018405,2,0.5773502691896258,0.5,0,0.0,0.0,0,0.0,0.0,0,0.0,0.0,NYG,4
Treylon Burks,WSH,WR,2,0,0.0,0,0.0,0.0,0.0,0,0.0,0.0,0,0.0,0.0,0,0.0,0.0,3,0.7071067811865476,2,0.6666666666666666,1.4142135623730951,0.047619047619047616,13,9.192388155425117,0.03333333333333333,1,0.7071067811865476,0.2,0,0.0,0.0,0,0.0,0.0,0,0.0,0.0,IND,4
Treyton Welch,NOR,TE,2,0,0.0,0,0.0,0.0,0.0,0,0.0,0.0,0,0.0,0.0,0,0.0,0.0,0,0.0,0,0.0,0.0,0.0,0,0.0,0.0,0,0.0,0.0,0,0.0,0.0,0,0.0,0.0,0,0.0,0.0,ATL,4
Troy Franklin,DEN,WR,3,0,0.0,0,0.0,0.0,0.0,0,0.0,0.0,0,0.0,0.0,0,0.0,0.0,4,0.5773502691896257,2,0.5,0.5773502691896258,0.03571428571428571,48,14.177446878757825,0.07933884297520662,0,0.0,0.0,1,0.5773502691896258,0.014705882352941176,5,2.8867513459481287,0.0205761316872428,0,0.0,0.0,SFO,4
Tucker Kraft,GNB,TE,3,0,0.0,0,0.0,0.0,0.0,0,0.0,0.0,0,0.0,0.0,0,0.0,0.0,17,2.516611478423583,9,0.5294117647058824,1.0,0.13846153846153847,106,26.27419519858474,0.12559241706161137,0,0.0,0.0,0,0.0,0.0,0,0.0,0.0,0,0.0,0.0,TAM,4
Tutu Atwell,LAR,WR,1,0,0,0,0.0,0,0.0,0,0,0.0,0,0,0.0,0,0,0.0,2,0,1,0.5,0,0.045454545454545456,19,0,0.0581039755351682,0,0,0.0,0,0,0.0,0,0,0.0,0,0,0.0,PHI,4
Ty Johnson,BUF,RB,1,0,0,0,0.0,0,0.0,0,0,0.0,0,0,0.0,0,0,0.0,4,0,4,1.0,0,0.25,50,0,0.24509803921568626,0,0,0.0,0,0,0.0,0,0,0.0,0,0,0.0,NWE,4
Tyjae Spears,TEN,RB,3,0,0.0,0,0.0,0.0,0.0,0,0.0,0.0,0,0.0,0.0,0,0.0,0.0,6,2.0,4,0.6666666666666666,1.1547005383792517,0.07272727272727272,41,14.571661996262929,0.08134920634920635,0,0.0,0.0,13,2.309401076758503,0.203125,58,19.08751773629388,0.2140221402214022,0,0.0,0.0,BAL,4
Tylan Wallace,CLE,WR,3,0,0.0,0,0.0,0.0,0.0,0,0.0,0.0,0,0.0,0.0,0,0.0,0.0,0,0.0,0,0.0,0.0,0.0,0,0.0,0.0,0,0.0,0.0,0,0.0,0.0,0,0.0,0.0,0,0.0,0.0,PIT,4
Tyler Allgeier,ARI,RB,3,0,0.0,0,0.0,0.0,0.0,0,0.0,0.0,0,0.0,0.0,0,0.0,0.0,8,1.1547005383792515,8,1.0,1.1547005383792515,0.0975609756097561,28,0.5773502691896257,0.04294478527607362,0,0.0,0.0,24,7.937253933193772,0.3076923076923077,70,33.08070938376826,0.25089605734767023,0,0.0,0.0,NYG,4
Tyler Badie,DEN,RB,2,0,0.0,0,0.0,0.0,0.0,0,0.0,0.0,0,0.0,0.0,0,0.0,0.0,4,1.4142135623730951,3,0.75,0.7071067811865476,0.07692307692307693,40,11.313708498984761,0.08438818565400844,0,0.0,0.0,2,0.0,0.03773584905660377,3,0.7071067811865476,0.016483516483516484,0,0.0,0.0,SFO,4
Tyler Conklin,DET,TE,2,0,0.0,0,0.0,0.0,0.0,0,0.0,0.0,0,0.0,0.0,0,0.0,0.0,0,0.0,0,0.0,0.0,0.0,0,0.0,0.0,0,0.0,0.0,0,0.0,0.0,0,0.0,0.0,0,0.0,0.0,CAR,4
Tyler Goodson,DAL,RB,1,0,0,0,0.0,0,0.0,0,0,0.0,0,0,0.0,0,0,0.0,1,0,1,1.0,0,0.04,-5,0,-0.018115942028985508,0,0,0.0,6,0,0.2,22,0,0.14864864864864866,0,0,0.0,HOU,4
Tyler Higbee,LAR,TE,3,0,0.0,0,0.0,0.0,0.0,0,0.0,0.0,0,0.0,0.0,0,0.0,0.0,13,5.8594652770823155,10,0.7692307692307693,4.163331998932265,0.14492753623188406,74,32.88363321370272,0.08361581920903954,1,0.5773502691896258,0.16666666666666666,0,0.0,0.0,0,0.0,0.0,0,0.0,0.0,PHI,4
Tyler Shough,NOR,QB,3,132,11.135528725660043,91,0.6893939393939394,4.163331998932265,0.6893939393939394,917,90.36776711490293,1.0,8,1.5275252316519465,1.0,3,1.0,1.0,0,0.0,0,0.0,0.0,0.0,0,0.0,0.0,0,0.0,0.0,14,4.041451884327381,0.175,67,14.0118997046558,0.22039473684210525,1,0.5773502691896258,0.5,ATL,4
Tyler Warren,IND,TE,3,0,0.0,0,0.0,0.0,0.0,0,0.0,0.0,0,0.0,0.0,0,0.0,0.0,22,2.516611478423583,18,0.8181818181818182,3.0,0.27692307692307694,89,22.300971578236975,0.14566284779050737,2,0.5773502691896258,0.6666666666666666,2,0.5773502691896258,0.024096385542168676,5,1.5275252316519465,0.016129032258064516,0,0.0,0.0,WSH,4
Tyquan Thornton,KAN,WR,3,0,0.0,0,0.0,0.0,0.0,0,0.0,0.0,0,0.0,0.0,0,0.0,0.0,7,1.5275252316519468,6,0.8571428571428571,2.0,0.08955223880597014,108,44.67661580737735,0.1330049261083744,0,0.0,0.0,0,0.0,0.0,0,0.0,0.0,0,0.0,0.0,LVR,4
Tyrone Tracy Jr.,NYG,RB,3,0,0.0,0,0.0,0.0,0.0,0,0.0,0.0,0,0.0,0.0,0,0.0,0.0,0,0.0,0,0.0,0.0,0.0,0,0.0,0.0,0,0.0,0.0,3,1.0,0.03296703296703297,17,7.371114795831994,0.04788732394366197,0,0.0,0.0,ARI,4
Tyson Bagent,CHI,QB,1,9,0,5,0.5555555555555556,0,0.14285714285714285,54,0,0.28125,0,0,0.0,0,0,0.0,0,0,0,0.0,0,0.0,0,0,0.0,0,0,0.0,0,0,0.0,0,0,0.0,0,0,0.0,NYJ,4
Velus Jones Jr.,SEA,RB,2,0,0.0,0,0.0,0.0,0.0,0,0.0,0.0,0,0.0,0.0,0,0.0,0.0,0,0.0,0,0.0,0.0,0.0,0,0.0,0.0,0,0.0,0.0,0,0.0,0.0,0,0.0,0.0,0,0.0,0.0,LAC,4
Wan'Dale Robinson,TEN,WR,3,0,0.0,0,0.0,0.0,0.0,0,0.0,0.0,0,0.0,0.0,0,0.0,0.0,18,5.0,13,0.7222222222222222,3.055050463303893,0.23636363636363636,104,24.172987679087857,0.20634920634920634,1,0.5773502691896258,0.5,0,0.0,0.0,0,0.0,0.0,0,0.0,0.0,BAL,4
Will Kacmarek,MIA,TE,3,0,0.0,0,0.0,0.0,0.0,0,0.0,0.0,0,0.0,0.0,0,0.0,0.0,2,0.5773502691896258,1,0.5,0.5773502691896258,0.02040816326530612,4,2.3094010767585034,0.006379585326953748,0,0.0,0.0,0,0.0,0.0,0,0.0,0.0,0,0.0,0.0,MIN,4
Will Shipley,PHI,RB,3,0,0.0,0,0.0,0.0,0.0,0,0.0,0.0,0,0.0,0.0,0,0.0,0.0,5,0.5773502691896257,4,0.8,0.5773502691896257,0.07142857142857142,24,3.0,0.03870967741935484,0,0.0,0.0,9,3.605551275463989,0.11842105263157894,28,12.858201014657274,0.08433734939759036,0,0.0,0.0,LAR,4
Woody Marks,HOU,RB,3,0,0.0,0,0.0,0.0,0.0,0,0.0,0.0,0,0.0,0.0,0,0.0,0.0,8,2.886751345948129,7,0.875,2.3094010767585034,0.09722222222222222,31,14.977761292440645,0.03904282115869018,0,0.0,0.0,22,2.0816659994661326,0.30985915492957744,65,17.95364401266031,0.2559055118110236,1,0.5773502691896258,0.3333333333333333,DAL,4
Xavier Hutchinson,HOU,WR,3,0,0.0,0,0.0,0.0,0.0,0,0.0,0.0,0,0.0,0.0,0,0.0,0.0,21,1.7320508075688772,9,0.42857142857142855,0.0,0.125,120,9.848857801796104,0.15113350125944586,0,0.0,0.0,2,1.1547005383792517,0.028169014084507043,4,2.3094010767585034,0.015748031496062992,0,0.0,0.0,DAL,4
Xavier Legette,CAR,WR,2,0,0.0,0,0.0,0.0,0.0,0,0.0,0.0,0,0.0,0.0,0,0.0,0.0,6,1.4142135623730951,2,0.3333333333333333,1.4142135623730951,0.043478260869565216,64,45.254833995939045,0.09876543209876543,0,0.0,0.0,0,0.0,0.0,0,0.0,0.0,0,0.0,0.0,DET,4
Xavier Smith,LAR,WR,3,0,0.0,0,0.0,0.0,0.0,0,0.0,0.0,0,0.0,0.0,0,0.0,0.0,1,0.5773502691896258,0,0.0,0.0,0.0,0,0.0,0.0,0,0.0,0.0,0,0.0,0.0,0,0.0,0.0,0,0.0,0.0,PHI,4
Xavier Worthy,KAN,WR,3,0,0.0,0,0.0,0.0,0.0,0,0.0,0.0,0,0.0,0.0,0,0.0,0.0,15,2.6457513110645907,10,0.6666666666666666,1.5275252316519465,0.14925373134328357,63,3.605551275463989,0.07758620689655173,1,0.5773502691896258,0.14285714285714285,0,0.0,0.0,0,0.0,0.0,0,0.0,0.0,LVR,4
Zach Ertz,PHI,TE,1,0,0,0,0.0,0,0.0,0,0,0.0,0,0,0.0,0,0,0.0,2,0,1,0.5,0,0.0625,9,0,0.058823529411764705,0,0,0.0,0,0,0.0,0,0,0.0,0,0,0.0,LAR,4
Zachariah Branch,ATL,WR,3,0,0.0,0,0.0,0.0,0.0,0,0.0,0.0,0,0.0,0.0,0,0.0,0.0,4,1.1547005383792517,3,0.75,1.0,0.0625,21,7.0,0.03860294117647059,0,0.0,0.0,0,0.0,0.0,0,0.0,0.0,0,0.0,0.0,NOR,4
Zavion Thomas,CHI,WR,3,0,0.0,0,0.0,0.0,0.0,0,0.0,0.0,0,0.0,0.0,0,0.0,0.0,1,0.5773502691896258,1,1.0,0.5773502691896258,0.015384615384615385,1,0.5773502691896258,0.0014124293785310734,0,0.0,0.0,0,0.0,0.0,0,0.0,0.0,0,0.0,0.0,NYJ,4
Zay Flowers,BAL,WR,2,0,0.0,0,0.0,0.0,0.0,0,0.0,0.0,0,0.0,0.0,0,0.0,0.0,12,0.0,10,0.8333333333333334,0.0,0.3125,234,46.66904755831214,0.4588235294117647,1,0.7071067811865476,0.3333333333333333,1,0.7071067811865476,0.013333333333333334,20,14.142135623730951,0.050761421319796954,0,0.0,0.0,TEN,4
Zonovan Knight,ARI,RB,3,0,0.0,0,0.0,0.0,0.0,0,0.0,0.0,0,0.0,0.0,0,0.0,0.0,0,0.0,0,0.0,0.0,0.0,0,0.0,0.0,0,0.0,0.0,2,1.1547005383792517,0.02564102564102564,24,13.856406460551018,0.08602150537634409,0,0.0,0.0,NYG,4
